[1m[33m[33m▲ [43;33m[[43;30mWARNING[43;33m][0m [1mNG8107: NG8107: The left side of this optional chain operation does not include 'null' or 'undefined' in its type, therefore the '?.' operator can be replaced with the '.' operator. Find more at https://v21.angular.dev/extended-diagnostics/NG8107[0m [1m[35m[plugin angular-compiler][0m

    src/app/canvas/canvas.component.html:37:63:
[37m      37 │ ...an class="count" *ngIf="cards?.[32mlength[37m">({{ cards.length }})</span>
         ╵                                   [32m~~~~~~[0m

  Warning occurs in the template of component CanvasComponent.

    src/app/canvas/canvas.component.ts:37:15:
[37m      37 │   templateUrl: [32m'./canvas.component.html'[37m,
         ╵                [32m~~~~~~~~~~~~~~~~~~~~~~~~~[0m


[33m▲ [43;33m[[43;30mWARNING[43;33m][0m [1mNG8107: NG8107: The left side of this optional chain operation does not include 'null' or 'undefined' in its type, therefore the '?.' operator can be replaced with the '.' operator. Find more at https://v21.angular.dev/extended-diagnostics/NG8107[0m [1m[35m[plugin angular-compiler][0m

    src/app/canvas/canvas.component.html:200:72:
[37m      200 │ ... Tab öffnen' + (previewCard?[32m.titl[37me ? ': ' + previewCard.title...
          ╵                                [32m~~~~~[0m

  Warning occurs in the template of component CanvasComponent.

    src/app/canvas/canvas.component.ts:37:15:
[37m      37 │   templateUrl: [32m'./canvas.component.html'[37m,
         ╵                [32m~~~~~~~~~~~~~~~~~~~~~~~~~[0m


[33m▲ [43;33m[[43;30mWARNING[43;33m][0m [1mNG8107: NG8107: The left side of this optional chain operation does not include 'null' or 'undefined' in its type, therefore the '?.' operator can be replaced with the '.' operator. Find more at https://v21.angular.dev/extended-diagnostics/NG8107[0m [1m[35m[plugin angular-compiler][0m

    src/app/canvas/canvas.component.html:511:26:
[37m      511 │       <div *ngIf="!cards?.[32mlength[37m" class="canvas-empty">
          ╵                           [32m~~~~~~[0m

  Warning occurs in the template of component CanvasComponent.

    src/app/canvas/canvas.component.ts:37:15:
[37m      37 │   templateUrl: [32m'./canvas.component.html'[37m,
         ╵                [32m~~~~~~~~~~~~~~~~~~~~~~~~~[0m


[33m▲ [43;33m[[43;30mWARNING[43;33m][0m [1mNG8107: NG8107: The left side of this optional chain operation does not include 'null' or 'undefined' in its type, therefore the '?.' operator can be replaced with the '.' operator. Find more at https://v21.angular.dev/extended-diagnostics/NG8107[0m [1m[35m[plugin angular-compiler][0m

    src/app/canvas/canvas.component.html:520:25:
[37m      520 │       <div *ngIf="cards?.[32mlength[37m" class="canvas-pagination">
          ╵                          [32m~~~~~~[0m

  Warning occurs in the template of component CanvasComponent.

    src/app/canvas/canvas.component.ts:37:15:
[37m      37 │   templateUrl: [32m'./canvas.component.html'[37m,
         ╵                [32m~~~~~~~~~~~~~~~~~~~~~~~~~[0m


[33m▲ [43;33m[[43;30mWARNING[43;33m][0m [1mNG8113: CanvasComponent is not used within the template of WidgetComponent[0m [1m[35m[plugin angular-compiler][0m

    src/app/widget/widget.component.ts:48:41:
[37m      48 │ ...orts: [CommonModule, ChatComponent, [32mCanvasComponent[37m, SafeSvgPipe],
         ╵                                        [32m~~~~~~~~~~~~~~~[0m


[33m▲ [43;33m[[43;30mWARNING[43;33m][0m [1mNG8107: NG8107: The left side of this optional chain operation does not include 'null' or 'undefined' in its type, therefore the '?.' operator can be replaced with the '.' operator. Find more at https://v21.angular.dev/extended-diagnostics/NG8107[0m [1m[35m[plugin angular-compiler][0m

    src/app/widget/widget.component.ts:64:47:
[37m      64 │                  [class.is-thinking]="chatRef?.[32misLoading[37m"
         ╵                                                [32m~~~~~~~~~[0m


[33m▲ [43;33m[[43;30mWARNING[43;33m][0m [1mNG8107: NG8107: The left side of this optional chain operation does not include 'null' or 'undefined' in its type, therefore the '?.' operator can be replaced with the '.' operator. Find more at https://v21.angular.dev/extended-diagnostics/NG8107[0m [1m[35m[plugin angular-compiler][0m

    src/app/widget/widget.component.ts:65:47:
[37m      65 │ ...   [class.is-speaking]="chatRef?.[32mautoSpeak[37m && chatRef?.isSpeaking"
         ╵                                     [32m~~~~~~~~~[0m


[33m▲ [43;33m[[43;30mWARNING[43;33m][0m [1mNG8107: NG8107: The left side of this optional chain operation does not include 'null' or 'undefined' in its type, therefore the '?.' operator can be replaced with the '.' operator. Find more at https://v21.angular.dev/extended-diagnostics/NG8107[0m [1m[35m[plugin angular-compiler][0m

    src/app/widget/widget.component.ts:65:69:
[37m      65 │ ...   [class.is-speaking]="chatRef?.autoSpeak && chatRef?.[32misSpeaking[37m"
         ╵                                                           [32m~~~~~~~~~~[0m


[33m▲ [43;33m[[43;30mWARNING[43;33m][0m [1mNG8107: NG8107: The left side of this optional chain operation does not include 'null' or 'undefined' in its type, therefore the '?.' operator can be replaced with the '.' operator. Find more at https://v21.angular.dev/extended-diagnostics/NG8107[0m [1m[35m[plugin angular-compiler][0m

    src/app/widget/widget.component.ts:69:58:
[37m      69 │ ...s="boerdi-status" *ngIf="chatRef?.[32misLoading[37m">denkt nach …</span>
         ╵                                      [32m~~~~~~~~~[0m


[33m▲ [43;33m[[43;30mWARNING[43;33m][0m [1mNG8107: NG8107: The left side of this optional chain operation does not include 'null' or 'undefined' in its type, therefore the '?.' operator can be replaced with the '.' operator. Find more at https://v21.angular.dev/extended-diagnostics/NG8107[0m [1m[35m[plugin angular-compiler][0m

    src/app/widget/widget.component.ts:70:59:
[37m      70 │ ...i-status" *ngIf="!chatRef?.[32misLoading[37m && chatRef?.autoSpeak && c...
         ╵                               [32m~~~~~~~~~[0m


[33m▲ [43;33m[[43;30mWARNING[43;33m][0m [1mNG8107: NG8107: The left side of this optional chain operation does not include 'null' or 'undefined' in its type, therefore the '?.' operator can be replaced with the '.' operator. Find more at https://v21.angular.dev/extended-diagnostics/NG8107[0m [1m[35m[plugin angular-compiler][0m

    src/app/widget/widget.component.ts:70:81:
[37m      70 │ ...Ref?.isLoading && chatRef?.[32mautoSpeak[37m && chatRef?.isSpeaking">sp...
         ╵                               [32m~~~~~~~~~[0m


[33m▲ [43;33m[[43;30mWARNING[43;33m][0m [1mNG8107: NG8107: The left side of this optional chain operation does not include 'null' or 'undefined' in its type, therefore the '?.' operator can be replaced with the '.' operator. Find more at https://v21.angular.dev/extended-diagnostics/NG8107[0m [1m[35m[plugin angular-compiler][0m

    src/app/widget/widget.component.ts:70:103:
[37m      70 │ ...g && chatRef?.autoSpeak && chatRef?.[32misSpeaking[37m">spricht …</span>
         ╵                                        [32m~~~~~~~~~~[0m


[33m▲ [43;33m[[43;30mWARNING[43;33m][0m [1mNG8107: NG8107: The left side of this optional chain operation does not include 'null' or 'undefined' in its type, therefore the '?.' operator can be replaced with the '.' operator. Find more at https://v21.angular.dev/extended-diagnostics/NG8107[0m [1m[35m[plugin angular-compiler][0m

    src/app/widget/widget.component.ts:82:36:
[37m      82 │             <button *ngIf="chatRef?.[32mlanguageButtonsVisible[37m"
         ╵                                     [32m~~~~~~~~~~~~~~~~~~~~~~[0m


[33m▲ [43;33m[[43;30mWARNING[43;33m][0m [1mNG8107: NG8107: The left side of this optional chain operation does not include 'null' or 'undefined' in its type, therefore the '?.' operator can be replaced with the '.' operator. Find more at https://v21.angular.dev/extended-diagnostics/NG8107[0m [1m[35m[plugin angular-compiler][0m

    src/app/widget/widget.component.ts:84:44:
[37m      84 │                     [class.is-on]="chatRef?.[32mautoSpeak[37m"
         ╵                                             [32m~~~~~~~~~[0m


[33m▲ [43;33m[[43;30mWARNING[43;33m][0m [1mNG8107: NG8107: The left side of this optional chain operation does not include 'null' or 'undefined' in its type, therefore the '?.' operator can be replaced with the '.' operator. Find more at https://v21.angular.dev/extended-diagnostics/NG8107[0m [1m[35m[plugin angular-compiler][0m

    src/app/widget/widget.component.ts:85:46:
[37m      85 │                     [class.is-off]="!chatRef?.[32mautoSpeak[37m"
         ╵                                               [32m~~~~~~~~~[0m


[33m▲ [43;33m[[43;30mWARNING[43;33m][0m [1mNG8107: NG8107: The left side of this optional chain operation does not include 'null' or 'undefined' in its type, therefore the '?.' operator can be replaced with the '.' operator. Find more at https://v21.angular.dev/extended-diagnostics/NG8107[0m [1m[35m[plugin angular-compiler][0m

    src/app/widget/widget.component.ts:86:38:
[37m      86 │                     (click)="chatRef?.[32mtoggleAutoSpeak[37m()"
         ╵                                       [32m~~~~~~~~~~~~~~~[0m


[33m▲ [43;33m[[43;30mWARNING[43;33m][0m [1mNG8107: NG8107: The left side of this optional chain operation does not include 'null' or 'undefined' in its type, therefore the '?.' operator can be replaced with the '.' operator. Find more at https://v21.angular.dev/extended-diagnostics/NG8107[0m [1m[35m[plugin angular-compiler][0m

    src/app/widget/widget.component.ts:87:38:
[37m      87 │ ...         [title]="chatRef?.[32mautoSpeak[37m ? 'Sprachausgabe aus' : 'S...
         ╵                               [32m~~~~~~~~~[0m


[33m▲ [43;33m[[43;30mWARNING[43;33m][0m [1mNG8107: NG8107: The left side of this optional chain operation does not include 'null' or 'undefined' in its type, therefore the '?.' operator can be replaced with the '.' operator. Find more at https://v21.angular.dev/extended-diagnostics/NG8107[0m [1m[35m[plugin angular-compiler][0m

    src/app/widget/widget.component.ts:89:43:
[37m      89 │ ...    [innerHTML]="(chatRef?.[32mautoSpeak[37m ? ICONS.volume_up : ICONS....
         ╵                               [32m~~~~~~~~~[0m


[33m▲ [43;33m[[43;30mWARNING[43;33m][0m [1mNG8107: NG8107: The left side of this optional chain operation does not include 'null' or 'undefined' in its type, therefore the '?.' operator can be replaced with the '.' operator. Find more at https://v21.angular.dev/extended-diagnostics/NG8107[0m [1m[35m[plugin angular-compiler][0m

    src/app/widget/widget.component.ts:91:36:
[37m      91 │             <button *ngIf="chatRef?.[32mdebugButtonVisible[37m"
         ╵                                     [32m~~~~~~~~~~~~~~~~~~[0m


[33m▲ [43;33m[[43;30mWARNING[43;33m][0m [1mNG8107: NG8107: The left side of this optional chain operation does not include 'null' or 'undefined' in its type, therefore the '?.' operator can be replaced with the '.' operator. Find more at https://v21.angular.dev/extended-diagnostics/NG8107[0m [1m[35m[plugin angular-compiler][0m

    src/app/widget/widget.component.ts:93:44:
[37m      93 │                     [class.is-on]="chatRef?.[32mshowDebug[37m"
         ╵                                             [32m~~~~~~~~~[0m


[33m▲ [43;33m[[43;30mWARNING[43;33m][0m [1mNG8107: NG8107: The left side of this optional chain operation does not include 'null' or 'undefined' in its type, therefore the '?.' operator can be replaced with the '.' operator. Find more at https://v21.angular.dev/extended-diagnostics/NG8107[0m [1m[35m[plugin angular-compiler][0m

    src/app/widget/widget.component.ts:94:46:
[37m      94 │                     [class.is-off]="!chatRef?.[32mshowDebug[37m"
         ╵                                               [32m~~~~~~~~~[0m


[33m▲ [43;33m[[43;30mWARNING[43;33m][0m [1mNG8107: NG8107: The left side of this optional chain operation does not include 'null' or 'undefined' in its type, therefore the '?.' operator can be replaced with the '.' operator. Find more at https://v21.angular.dev/extended-diagnostics/NG8107[0m [1m[35m[plugin angular-compiler][0m

    src/app/widget/widget.component.ts:95:38:
[37m      95 │                     (click)="chatRef?.[32mtoggleDebug[37m()"
         ╵                                       [32m~~~~~~~~~~~[0m


[33m▲ [43;33m[[43;30mWARNING[43;33m][0m [1mNG8107: NG8107: The left side of this optional chain operation does not include 'null' or 'undefined' in its type, therefore the '?.' operator can be replaced with the '.' operator. Find more at https://v21.angular.dev/extended-diagnostics/NG8107[0m [1m[35m[plugin angular-compiler][0m

    src/app/widget/widget.component.ts:96:38:
[37m      96 │ ...          [title]="chatRef?.[32mshowDebug[37m ? 'Debug aus' : 'Debug an'">
         ╵                                [32m~~~~~~~~~[0m


[33m▲ [43;33m[[43;30mWARNING[43;33m][0m [1mNG8107: NG8107: The left side of this optional chain operation does not include 'null' or 'undefined' in its type, therefore the '?.' operator can be replaced with the '.' operator. Find more at https://v21.angular.dev/extended-diagnostics/NG8107[0m [1m[35m[plugin angular-compiler][0m

    src/app/widget/widget.component.ts:103:38:
[37m      103 │                     (click)="chatRef?.[32mrestart[37m()"
          ╵                                       [32m~~~~~~~[0m

[39m[22m
[1m[33m[33m▲ [43;33m[[43;30mWARNING[43;33m][0m [1mNG8107: NG8107: The left side of this optional chain operation does not include 'null' or 'undefined' in its type, therefore the '?.' operator can be replaced with the '.' operator. Find more at https://v21.angular.dev/extended-diagnostics/NG8107[0m [1m[35m[plugin angular-compiler][0m

    src/app/canvas/canvas.component.html:37:63:
[37m      37 │ ...an class="count" *ngIf="cards?.[32mlength[37m">({{ cards.length }})</span>
         ╵                                   [32m~~~~~~[0m

  Warning occurs in the template of component CanvasComponent.

    src/app/canvas/canvas.component.ts:37:15:
[37m      37 │   templateUrl: [32m'./canvas.component.html'[37m,
         ╵                [32m~~~~~~~~~~~~~~~~~~~~~~~~~[0m


[33m▲ [43;33m[[43;30mWARNING[43;33m][0m [1mNG8107: NG8107: The left side of this optional chain operation does not include 'null' or 'undefined' in its type, therefore the '?.' operator can be replaced with the '.' operator. Find more at https://v21.angular.dev/extended-diagnostics/NG8107[0m [1m[35m[plugin angular-compiler][0m

    src/app/canvas/canvas.component.html:200:72:
[37m      200 │ ... Tab öffnen' + (previewCard?[32m.titl[37me ? ': ' + previewCard.title...
          ╵                                [32m~~~~~[0m

  Warning occurs in the template of component CanvasComponent.

    src/app/canvas/canvas.component.ts:37:15:
[37m      37 │   templateUrl: [32m'./canvas.component.html'[37m,
         ╵                [32m~~~~~~~~~~~~~~~~~~~~~~~~~[0m


[33m▲ [43;33m[[43;30mWARNING[43;33m][0m [1mNG8107: NG8107: The left side of this optional chain operation does not include 'null' or 'undefined' in its type, therefore the '?.' operator can be replaced with the '.' operator. Find more at https://v21.angular.dev/extended-diagnostics/NG8107[0m [1m[35m[plugin angular-compiler][0m

    src/app/canvas/canvas.component.html:511:26:
[37m      511 │       <div *ngIf="!cards?.[32mlength[37m" class="canvas-empty">
          ╵                           [32m~~~~~~[0m

  Warning occurs in the template of component CanvasComponent.

    src/app/canvas/canvas.component.ts:37:15:
[37m      37 │   templateUrl: [32m'./canvas.component.html'[37m,
         ╵                [32m~~~~~~~~~~~~~~~~~~~~~~~~~[0m


[33m▲ [43;33m[[43;30mWARNING[43;33m][0m [1mNG8107: NG8107: The left side of this optional chain operation does not include 'null' or 'undefined' in its type, therefore the '?.' operator can be replaced with the '.' operator. Find more at https://v21.angular.dev/extended-diagnostics/NG8107[0m [1m[35m[plugin angular-compiler][0m

    src/app/canvas/canvas.component.html:520:25:
[37m      520 │       <div *ngIf="cards?.[32mlength[37m" class="canvas-pagination">
          ╵                          [32m~~~~~~[0m

  Warning occurs in the template of component CanvasComponent.

    src/app/canvas/canvas.component.ts:37:15:
[37m      37 │   templateUrl: [32m'./canvas.component.html'[37m,
         ╵                [32m~~~~~~~~~~~~~~~~~~~~~~~~~[0m


[33m▲ [43;33m[[43;30mWARNING[43;33m][0m [1mNG8113: CanvasComponent is not used within the template of WidgetComponent[0m [1m[35m[plugin angular-compiler][0m

    src/app/widget/widget.component.ts:48:41:
[37m      48 │ ...orts: [CommonModule, ChatComponent, [32mCanvasComponent[37m, SafeSvgPipe],
         ╵                                        [32m~~~~~~~~~~~~~~~[0m


[33m▲ [43;33m[[43;30mWARNING[43;33m][0m [1mNG8107: NG8107: The left side of this optional chain operation does not include 'null' or 'undefined' in its type, therefore the '?.' operator can be replaced with the '.' operator. Find more at https://v21.angular.dev/extended-diagnostics/NG8107[0m [1m[35m[plugin angular-compiler][0m

    src/app/widget/widget.component.ts:64:47:
[37m      64 │                  [class.is-thinking]="chatRef?.[32misLoading[37m"
         ╵                                                [32m~~~~~~~~~[0m


[33m▲ [43;33m[[43;30mWARNING[43;33m][0m [1mNG8107: NG8107: The left side of this optional chain operation does not include 'null' or 'undefined' in its type, therefore the '?.' operator can be replaced with the '.' operator. Find more at https://v21.angular.dev/extended-diagnostics/NG8107[0m [1m[35m[plugin angular-compiler][0m

    src/app/widget/widget.component.ts:65:47:
[37m      65 │ ...   [class.is-speaking]="chatRef?.[32mautoSpeak[37m && chatRef?.isSpeaking"
         ╵                                     [32m~~~~~~~~~[0m


[33m▲ [43;33m[[43;30mWARNING[43;33m][0m [1mNG8107: NG8107: The left side of this optional chain operation does not include 'null' or 'undefined' in its type, therefore the '?.' operator can be replaced with the '.' operator. Find more at https://v21.angular.dev/extended-diagnostics/NG8107[0m [1m[35m[plugin angular-compiler][0m

    src/app/widget/widget.component.ts:65:69:
[37m      65 │ ...   [class.is-speaking]="chatRef?.autoSpeak && chatRef?.[32misSpeaking[37m"
         ╵                                                           [32m~~~~~~~~~~[0m


[33m▲ [43;33m[[43;30mWARNING[43;33m][0m [1mNG8107: NG8107: The left side of this optional chain operation does not include 'null' or 'undefined' in its type, therefore the '?.' operator can be replaced with the '.' operator. Find more at https://v21.angular.dev/extended-diagnostics/NG8107[0m [1m[35m[plugin angular-compiler][0m

    src/app/widget/widget.component.ts:69:58:
[37m      69 │ ...s="boerdi-status" *ngIf="chatRef?.[32misLoading[37m">denkt nach …</span>
         ╵                                      [32m~~~~~~~~~[0m


[33m▲ [43;33m[[43;30mWARNING[43;33m][0m [1mNG8107: NG8107: The left side of this optional chain operation does not include 'null' or 'undefined' in its type, therefore the '?.' operator can be replaced with the '.' operator. Find more at https://v21.angular.dev/extended-diagnostics/NG8107[0m [1m[35m[plugin angular-compiler][0m

    src/app/widget/widget.component.ts:70:59:
[37m      70 │ ...i-status" *ngIf="!chatRef?.[32misLoading[37m && chatRef?.autoSpeak && c...
         ╵                               [32m~~~~~~~~~[0m


[33m▲ [43;33m[[43;30mWARNING[43;33m][0m [1mNG8107: NG8107: The left side of this optional chain operation does not include 'null' or 'undefined' in its type, therefore the '?.' operator can be replaced with the '.' operator. Find more at https://v21.angular.dev/extended-diagnostics/NG8107[0m [1m[35m[plugin angular-compiler][0m

    src/app/widget/widget.component.ts:70:81:
[37m      70 │ ...Ref?.isLoading && chatRef?.[32mautoSpeak[37m && chatRef?.isSpeaking">sp...
         ╵                               [32m~~~~~~~~~[0m


[33m▲ [43;33m[[43;30mWARNING[43;33m][0m [1mNG8107: NG8107: The left side of this optional chain operation does not include 'null' or 'undefined' in its type, therefore the '?.' operator can be replaced with the '.' operator. Find more at https://v21.angular.dev/extended-diagnostics/NG8107[0m [1m[35m[plugin angular-compiler][0m

    src/app/widget/widget.component.ts:70:103:
[37m      70 │ ...g && chatRef?.autoSpeak && chatRef?.[32misSpeaking[37m">spricht …</span>
         ╵                                        [32m~~~~~~~~~~[0m


[33m▲ [43;33m[[43;30mWARNING[43;33m][0m [1mNG8107: NG8107: The left side of this optional chain operation does not include 'null' or 'undefined' in its type, therefore the '?.' operator can be replaced with the '.' operator. Find more at https://v21.angular.dev/extended-diagnostics/NG8107[0m [1m[35m[plugin angular-compiler][0m

    src/app/widget/widget.component.ts:82:36:
[37m      82 │             <button *ngIf="chatRef?.[32mlanguageButtonsVisible[37m"
         ╵                                     [32m~~~~~~~~~~~~~~~~~~~~~~[0m


[33m▲ [43;33m[[43;30mWARNING[43;33m][0m [1mNG8107: NG8107: The left side of this optional chain operation does not include 'null' or 'undefined' in its type, therefore the '?.' operator can be replaced with the '.' operator. Find more at https://v21.angular.dev/extended-diagnostics/NG8107[0m [1m[35m[plugin angular-compiler][0m

    src/app/widget/widget.component.ts:84:44:
[37m      84 │                     [class.is-on]="chatRef?.[32mautoSpeak[37m"
         ╵                                             [32m~~~~~~~~~[0m


[33m▲ [43;33m[[43;30mWARNING[43;33m][0m [1mNG8107: NG8107: The left side of this optional chain operation does not include 'null' or 'undefined' in its type, therefore the '?.' operator can be replaced with the '.' operator. Find more at https://v21.angular.dev/extended-diagnostics/NG8107[0m [1m[35m[plugin angular-compiler][0m

    src/app/widget/widget.component.ts:85:46:
[37m      85 │                     [class.is-off]="!chatRef?.[32mautoSpeak[37m"
         ╵                                               [32m~~~~~~~~~[0m


[33m▲ [43;33m[[43;30mWARNING[43;33m][0m [1mNG8107: NG8107: The left side of this optional chain operation does not include 'null' or 'undefined' in its type, therefore the '?.' operator can be replaced with the '.' operator. Find more at https://v21.angular.dev/extended-diagnostics/NG8107[0m [1m[35m[plugin angular-compiler][0m

    src/app/widget/widget.component.ts:86:38:
[37m      86 │                     (click)="chatRef?.[32mtoggleAutoSpeak[37m()"
         ╵                                       [32m~~~~~~~~~~~~~~~[0m


[33m▲ [43;33m[[43;30mWARNING[43;33m][0m [1mNG8107: NG8107: The left side of this optional chain operation does not include 'null' or 'undefined' in its type, therefore the '?.' operator can be replaced with the '.' operator. Find more at https://v21.angular.dev/extended-diagnostics/NG8107[0m [1m[35m[plugin angular-compiler][0m

    src/app/widget/widget.component.ts:87:38:
[37m      87 │ ...         [title]="chatRef?.[32mautoSpeak[37m ? 'Sprachausgabe aus' : 'S...
         ╵                               [32m~~~~~~~~~[0m


[33m▲ [43;33m[[43;30mWARNING[43;33m][0m [1mNG8107: NG8107: The left side of this optional chain operation does not include 'null' or 'undefined' in its type, therefore the '?.' operator can be replaced with the '.' operator. Find more at https://v21.angular.dev/extended-diagnostics/NG8107[0m [1m[35m[plugin angular-compiler][0m

    src/app/widget/widget.component.ts:89:43:
[37m      89 │ ...    [innerHTML]="(chatRef?.[32mautoSpeak[37m ? ICONS.volume_up : ICONS....
         ╵                               [32m~~~~~~~~~[0m


[33m▲ [43;33m[[43;30mWARNING[43;33m][0m [1mNG8107: NG8107: The left side of this optional chain operation does not include 'null' or 'undefined' in its type, therefore the '?.' operator can be replaced with the '.' operator. Find more at https://v21.angular.dev/extended-diagnostics/NG8107[0m [1m[35m[plugin angular-compiler][0m

    src/app/widget/widget.component.ts:91:36:
[37m      91 │             <button *ngIf="chatRef?.[32mdebugButtonVisible[37m"
         ╵                                     [32m~~~~~~~~~~~~~~~~~~[0m


[33m▲ [43;33m[[43;30mWARNING[43;33m][0m [1mNG8107: NG8107: The left side of this optional chain operation does not include 'null' or 'undefined' in its type, therefore the '?.' operator can be replaced with the '.' operator. Find more at https://v21.angular.dev/extended-diagnostics/NG8107[0m [1m[35m[plugin angular-compiler][0m

    src/app/widget/widget.component.ts:93:44:
[37m      93 │                     [class.is-on]="chatRef?.[32mshowDebug[37m"
         ╵                                             [32m~~~~~~~~~[0m


[33m▲ [43;33m[[43;30mWARNING[43;33m][0m [1mNG8107: NG8107: The left side of this optional chain operation does not include 'null' or 'undefined' in its type, therefore the '?.' operator can be replaced with the '.' operator. Find more at https://v21.angular.dev/extended-diagnostics/NG8107[0m [1m[35m[plugin angular-compiler][0m

    src/app/widget/widget.component.ts:94:46:
[37m      94 │                     [class.is-off]="!chatRef?.[32mshowDebug[37m"
         ╵                                               [32m~~~~~~~~~[0m


[33m▲ [43;33m[[43;30mWARNING[43;33m][0m [1mNG8107: NG8107: The left side of this optional chain operation does not include 'null' or 'undefined' in its type, therefore the '?.' operator can be replaced with the '.' operator. Find more at https://v21.angular.dev/extended-diagnostics/NG8107[0m [1m[35m[plugin angular-compiler][0m

    src/app/widget/widget.component.ts:95:38:
[37m      95 │                     (click)="chatRef?.[32mtoggleDebug[37m()"
         ╵                                       [32m~~~~~~~~~~~[0m


[33m▲ [43;33m[[43;30mWARNING[43;33m][0m [1mNG8107: NG8107: The left side of this optional chain operation does not include 'null' or 'undefined' in its type, therefore the '?.' operator can be replaced with the '.' operator. Find more at https://v21.angular.dev/extended-diagnostics/NG8107[0m [1m[35m[plugin angular-compiler][0m

    src/app/widget/widget.component.ts:96:38:
[37m      96 │ ...          [title]="chatRef?.[32mshowDebug[37m ? 'Debug aus' : 'Debug an'">
         ╵                                [32m~~~~~~~~~[0m


[33m▲ [43;33m[[43;30mWARNING[43;33m][0m [1mNG8107: NG8107: The left side of this optional chain operation does not include 'null' or 'undefined' in its type, therefore the '?.' operator can be replaced with the '.' operator. Find more at https://v21.angular.dev/extended-diagnostics/NG8107[0m [1m[35m[plugin angular-compiler][0m

    src/app/widget/widget.component.ts:103:38:
[37m      103 │                     (click)="chatRef?.[32mrestart[37m()"
          ╵                                       [32m~~~~~~~[0m

[39m[22m
[1m[33m[33m▲ [43;33m[[43;30mWARNING[43;33m][0m [1mNG8107: NG8107: The left side of this optional chain operation does not include 'null' or 'undefined' in its type, therefore the '?.' operator can be replaced with the '.' operator. Find more at https://v21.angular.dev/extended-diagnostics/NG8107[0m [1m[35m[plugin angular-compiler][0m

    src/app/canvas/canvas.component.html:37:63:
[37m      37 │ ...an class="count" *ngIf="cards?.[32mlength[37m">({{ cards.length }})</span>
         ╵                                   [32m~~~~~~[0m

  Warning occurs in the template of component CanvasComponent.

    src/app/canvas/canvas.component.ts:37:15:
[37m      37 │   templateUrl: [32m'./canvas.component.html'[37m,
         ╵                [32m~~~~~~~~~~~~~~~~~~~~~~~~~[0m


[33m▲ [43;33m[[43;30mWARNING[43;33m][0m [1mNG8107: NG8107: The left side of this optional chain operation does not include 'null' or 'undefined' in its type, therefore the '?.' operator can be replaced with the '.' operator. Find more at https://v21.angular.dev/extended-diagnostics/NG8107[0m [1m[35m[plugin angular-compiler][0m

    src/app/canvas/canvas.component.html:200:72:
[37m      200 │ ... Tab öffnen' + (previewCard?[32m.titl[37me ? ': ' + previewCard.title...
          ╵                                [32m~~~~~[0m

  Warning occurs in the template of component CanvasComponent.

    src/app/canvas/canvas.component.ts:37:15:
[37m      37 │   templateUrl: [32m'./canvas.component.html'[37m,
         ╵                [32m~~~~~~~~~~~~~~~~~~~~~~~~~[0m


[33m▲ [43;33m[[43;30mWARNING[43;33m][0m [1mNG8107: NG8107: The left side of this optional chain operation does not include 'null' or 'undefined' in its type, therefore the '?.' operator can be replaced with the '.' operator. Find more at https://v21.angular.dev/extended-diagnostics/NG8107[0m [1m[35m[plugin angular-compiler][0m

    src/app/canvas/canvas.component.html:511:26:
[37m      511 │       <div *ngIf="!cards?.[32mlength[37m" class="canvas-empty">
          ╵                           [32m~~~~~~[0m

  Warning occurs in the template of component CanvasComponent.

    src/app/canvas/canvas.component.ts:37:15:
[37m      37 │   templateUrl: [32m'./canvas.component.html'[37m,
         ╵                [32m~~~~~~~~~~~~~~~~~~~~~~~~~[0m


[33m▲ [43;33m[[43;30mWARNING[43;33m][0m [1mNG8107: NG8107: The left side of this optional chain operation does not include 'null' or 'undefined' in its type, therefore the '?.' operator can be replaced with the '.' operator. Find more at https://v21.angular.dev/extended-diagnostics/NG8107[0m [1m[35m[plugin angular-compiler][0m

    src/app/canvas/canvas.component.html:520:25:
[37m      520 │       <div *ngIf="cards?.[32mlength[37m" class="canvas-pagination">
          ╵                          [32m~~~~~~[0m

  Warning occurs in the template of component CanvasComponent.

    src/app/canvas/canvas.component.ts:37:15:
[37m      37 │   templateUrl: [32m'./canvas.component.html'[37m,
         ╵                [32m~~~~~~~~~~~~~~~~~~~~~~~~~[0m


[33m▲ [43;33m[[43;30mWARNING[43;33m][0m [1mNG8113: CanvasComponent is not used within the template of WidgetComponent[0m [1m[35m[plugin angular-compiler][0m

    src/app/widget/widget.component.ts:48:41:
[37m      48 │ ...orts: [CommonModule, ChatComponent, [32mCanvasComponent[37m, SafeSvgPipe],
         ╵                                        [32m~~~~~~~~~~~~~~~[0m


[33m▲ [43;33m[[43;30mWARNING[43;33m][0m [1mNG8107: NG8107: The left side of this optional chain operation does not include 'null' or 'undefined' in its type, therefore the '?.' operator can be replaced with the '.' operator. Find more at https://v21.angular.dev/extended-diagnostics/NG8107[0m [1m[35m[plugin angular-compiler][0m

    src/app/widget/widget.component.ts:64:47:
[37m      64 │                  [class.is-thinking]="chatRef?.[32misLoading[37m"
         ╵                                                [32m~~~~~~~~~[0m


[33m▲ [43;33m[[43;30mWARNING[43;33m][0m [1mNG8107: NG8107: The left side of this optional chain operation does not include 'null' or 'undefined' in its type, therefore the '?.' operator can be replaced with the '.' operator. Find more at https://v21.angular.dev/extended-diagnostics/NG8107[0m [1m[35m[plugin angular-compiler][0m

    src/app/widget/widget.component.ts:65:47:
[37m      65 │ ...   [class.is-speaking]="chatRef?.[32mautoSpeak[37m && chatRef?.isSpeaking"
         ╵                                     [32m~~~~~~~~~[0m


[33m▲ [43;33m[[43;30mWARNING[43;33m][0m [1mNG8107: NG8107: The left side of this optional chain operation does not include 'null' or 'undefined' in its type, therefore the '?.' operator can be replaced with the '.' operator. Find more at https://v21.angular.dev/extended-diagnostics/NG8107[0m [1m[35m[plugin angular-compiler][0m

    src/app/widget/widget.component.ts:65:69:
[37m      65 │ ...   [class.is-speaking]="chatRef?.autoSpeak && chatRef?.[32misSpeaking[37m"
         ╵                                                           [32m~~~~~~~~~~[0m


[33m▲ [43;33m[[43;30mWARNING[43;33m][0m [1mNG8107: NG8107: The left side of this optional chain operation does not include 'null' or 'undefined' in its type, therefore the '?.' operator can be replaced with the '.' operator. Find more at https://v21.angular.dev/extended-diagnostics/NG8107[0m [1m[35m[plugin angular-compiler][0m

    src/app/widget/widget.component.ts:69:58:
[37m      69 │ ...s="boerdi-status" *ngIf="chatRef?.[32misLoading[37m">denkt nach …</span>
         ╵                                      [32m~~~~~~~~~[0m


[33m▲ [43;33m[[43;30mWARNING[43;33m][0m [1mNG8107: NG8107: The left side of this optional chain operation does not include 'null' or 'undefined' in its type, therefore the '?.' operator can be replaced with the '.' operator. Find more at https://v21.angular.dev/extended-diagnostics/NG8107[0m [1m[35m[plugin angular-compiler][0m

    src/app/widget/widget.component.ts:70:59:
[37m      70 │ ...i-status" *ngIf="!chatRef?.[32misLoading[37m && chatRef?.autoSpeak && c...
         ╵                               [32m~~~~~~~~~[0m


[33m▲ [43;33m[[43;30mWARNING[43;33m][0m [1mNG8107: NG8107: The left side of this optional chain operation does not include 'null' or 'undefined' in its type, therefore the '?.' operator can be replaced with the '.' operator. Find more at https://v21.angular.dev/extended-diagnostics/NG8107[0m [1m[35m[plugin angular-compiler][0m

    src/app/widget/widget.component.ts:70:81:
[37m      70 │ ...Ref?.isLoading && chatRef?.[32mautoSpeak[37m && chatRef?.isSpeaking">sp...
         ╵                               [32m~~~~~~~~~[0m


[33m▲ [43;33m[[43;30mWARNING[43;33m][0m [1mNG8107: NG8107: The left side of this optional chain operation does not include 'null' or 'undefined' in its type, therefore the '?.' operator can be replaced with the '.' operator. Find more at https://v21.angular.dev/extended-diagnostics/NG8107[0m [1m[35m[plugin angular-compiler][0m

    src/app/widget/widget.component.ts:70:103:
[37m      70 │ ...g && chatRef?.autoSpeak && chatRef?.[32misSpeaking[37m">spricht …</span>
         ╵                                        [32m~~~~~~~~~~[0m


[33m▲ [43;33m[[43;30mWARNING[43;33m][0m [1mNG8107: NG8107: The left side of this optional chain operation does not include 'null' or 'undefined' in its type, therefore the '?.' operator can be replaced with the '.' operator. Find more at https://v21.angular.dev/extended-diagnostics/NG8107[0m [1m[35m[plugin angular-compiler][0m

    src/app/widget/widget.component.ts:82:36:
[37m      82 │             <button *ngIf="chatRef?.[32mlanguageButtonsVisible[37m"
         ╵                                     [32m~~~~~~~~~~~~~~~~~~~~~~[0m


[33m▲ [43;33m[[43;30mWARNING[43;33m][0m [1mNG8107: NG8107: The left side of this optional chain operation does not include 'null' or 'undefined' in its type, therefore the '?.' operator can be replaced with the '.' operator. Find more at https://v21.angular.dev/extended-diagnostics/NG8107[0m [1m[35m[plugin angular-compiler][0m

    src/app/widget/widget.component.ts:84:44:
[37m      84 │                     [class.is-on]="chatRef?.[32mautoSpeak[37m"
         ╵                                             [32m~~~~~~~~~[0m


[33m▲ [43;33m[[43;30mWARNING[43;33m][0m [1mNG8107: NG8107: The left side of this optional chain operation does not include 'null' or 'undefined' in its type, therefore the '?.' operator can be replaced with the '.' operator. Find more at https://v21.angular.dev/extended-diagnostics/NG8107[0m [1m[35m[plugin angular-compiler][0m

    src/app/widget/widget.component.ts:85:46:
[37m      85 │                     [class.is-off]="!chatRef?.[32mautoSpeak[37m"
         ╵                                               [32m~~~~~~~~~[0m


[33m▲ [43;33m[[43;30mWARNING[43;33m][0m [1mNG8107: NG8107: The left side of this optional chain operation does not include 'null' or 'undefined' in its type, therefore the '?.' operator can be replaced with the '.' operator. Find more at https://v21.angular.dev/extended-diagnostics/NG8107[0m [1m[35m[plugin angular-compiler][0m

    src/app/widget/widget.component.ts:86:38:
[37m      86 │                     (click)="chatRef?.[32mtoggleAutoSpeak[37m()"
         ╵                                       [32m~~~~~~~~~~~~~~~[0m


[33m▲ [43;33m[[43;30mWARNING[43;33m][0m [1mNG8107: NG8107: The left side of this optional chain operation does not include 'null' or 'undefined' in its type, therefore the '?.' operator can be replaced with the '.' operator. Find more at https://v21.angular.dev/extended-diagnostics/NG8107[0m [1m[35m[plugin angular-compiler][0m

    src/app/widget/widget.component.ts:87:38:
[37m      87 │ ...         [title]="chatRef?.[32mautoSpeak[37m ? 'Sprachausgabe aus' : 'S...
         ╵                               [32m~~~~~~~~~[0m


[33m▲ [43;33m[[43;30mWARNING[43;33m][0m [1mNG8107: NG8107: The left side of this optional chain operation does not include 'null' or 'undefined' in its type, therefore the '?.' operator can be replaced with the '.' operator. Find more at https://v21.angular.dev/extended-diagnostics/NG8107[0m [1m[35m[plugin angular-compiler][0m

    src/app/widget/widget.component.ts:89:43:
[37m      89 │ ...    [innerHTML]="(chatRef?.[32mautoSpeak[37m ? ICONS.volume_up : ICONS....
         ╵                               [32m~~~~~~~~~[0m


[33m▲ [43;33m[[43;30mWARNING[43;33m][0m [1mNG8107: NG8107: The left side of this optional chain operation does not include 'null' or 'undefined' in its type, therefore the '?.' operator can be replaced with the '.' operator. Find more at https://v21.angular.dev/extended-diagnostics/NG8107[0m [1m[35m[plugin angular-compiler][0m

    src/app/widget/widget.component.ts:91:36:
[37m      91 │             <button *ngIf="chatRef?.[32mdebugButtonVisible[37m"
         ╵                                     [32m~~~~~~~~~~~~~~~~~~[0m


[33m▲ [43;33m[[43;30mWARNING[43;33m][0m [1mNG8107: NG8107: The left side of this optional chain operation does not include 'null' or 'undefined' in its type, therefore the '?.' operator can be replaced with the '.' operator. Find more at https://v21.angular.dev/extended-diagnostics/NG8107[0m [1m[35m[plugin angular-compiler][0m

    src/app/widget/widget.component.ts:93:44:
[37m      93 │                     [class.is-on]="chatRef?.[32mshowDebug[37m"
         ╵                                             [32m~~~~~~~~~[0m


[33m▲ [43;33m[[43;30mWARNING[43;33m][0m [1mNG8107: NG8107: The left side of this optional chain operation does not include 'null' or 'undefined' in its type, therefore the '?.' operator can be replaced with the '.' operator. Find more at https://v21.angular.dev/extended-diagnostics/NG8107[0m [1m[35m[plugin angular-compiler][0m

    src/app/widget/widget.component.ts:94:46:
[37m      94 │                     [class.is-off]="!chatRef?.[32mshowDebug[37m"
         ╵                                               [32m~~~~~~~~~[0m


[33m▲ [43;33m[[43;30mWARNING[43;33m][0m [1mNG8107: NG8107: The left side of this optional chain operation does not include 'null' or 'undefined' in its type, therefore the '?.' operator can be replaced with the '.' operator. Find more at https://v21.angular.dev/extended-diagnostics/NG8107[0m [1m[35m[plugin angular-compiler][0m

    src/app/widget/widget.component.ts:95:38:
[37m      95 │                     (click)="chatRef?.[32mtoggleDebug[37m()"
         ╵                                       [32m~~~~~~~~~~~[0m


[33m▲ [43;33m[[43;30mWARNING[43;33m][0m [1mNG8107: NG8107: The left side of this optional chain operation does not include 'null' or 'undefined' in its type, therefore the '?.' operator can be replaced with the '.' operator. Find more at https://v21.angular.dev/extended-diagnostics/NG8107[0m [1m[35m[plugin angular-compiler][0m

    src/app/widget/widget.component.ts:96:38:
[37m      96 │ ...          [title]="chatRef?.[32mshowDebug[37m ? 'Debug aus' : 'Debug an'">
         ╵                                [32m~~~~~~~~~[0m


[33m▲ [43;33m[[43;30mWARNING[43;33m][0m [1mNG8107: NG8107: The left side of this optional chain operation does not include 'null' or 'undefined' in its type, therefore the '?.' operator can be replaced with the '.' operator. Find more at https://v21.angular.dev/extended-diagnostics/NG8107[0m [1m[35m[plugin angular-compiler][0m

    src/app/widget/widget.component.ts:103:38:
[37m      103 │                     (click)="chatRef?.[32mrestart[37m()"
          ╵                                       [32m~~~~~~~[0m

[39m[22m
[1m[33m[33m▲ [43;33m[[43;30mWARNING[43;33m][0m [1mNG8107: NG8107: The left side of this optional chain operation does not include 'null' or 'undefined' in its type, therefore the '?.' operator can be replaced with the '.' operator. Find more at https://v21.angular.dev/extended-diagnostics/NG8107[0m [1m[35m[plugin angular-compiler][0m

    src/app/canvas/canvas.component.html:37:63:
[37m      37 │ ...an class="count" *ngIf="cards?.[32mlength[37m">({{ cards.length }})</span>
         ╵                                   [32m~~~~~~[0m

  Warning occurs in the template of component CanvasComponent.

    src/app/canvas/canvas.component.ts:37:15:
[37m      37 │   templateUrl: [32m'./canvas.component.html'[37m,
         ╵                [32m~~~~~~~~~~~~~~~~~~~~~~~~~[0m


[33m▲ [43;33m[[43;30mWARNING[43;33m][0m [1mNG8107: NG8107: The left side of this optional chain operation does not include 'null' or 'undefined' in its type, therefore the '?.' operator can be replaced with the '.' operator. Find more at https://v21.angular.dev/extended-diagnostics/NG8107[0m [1m[35m[plugin angular-compiler][0m

    src/app/canvas/canvas.component.html:200:72:
[37m      200 │ ... Tab öffnen' + (previewCard?[32m.titl[37me ? ': ' + previewCard.title...
          ╵                                [32m~~~~~[0m

  Warning occurs in the template of component CanvasComponent.

    src/app/canvas/canvas.component.ts:37:15:
[37m      37 │   templateUrl: [32m'./canvas.component.html'[37m,
         ╵                [32m~~~~~~~~~~~~~~~~~~~~~~~~~[0m


[33m▲ [43;33m[[43;30mWARNING[43;33m][0m [1mNG8107: NG8107: The left side of this optional chain operation does not include 'null' or 'undefined' in its type, therefore the '?.' operator can be replaced with the '.' operator. Find more at https://v21.angular.dev/extended-diagnostics/NG8107[0m [1m[35m[plugin angular-compiler][0m

    src/app/canvas/canvas.component.html:511:26:
[37m      511 │       <div *ngIf="!cards?.[32mlength[37m" class="canvas-empty">
          ╵                           [32m~~~~~~[0m

  Warning occurs in the template of component CanvasComponent.

    src/app/canvas/canvas.component.ts:37:15:
[37m      37 │   templateUrl: [32m'./canvas.component.html'[37m,
         ╵                [32m~~~~~~~~~~~~~~~~~~~~~~~~~[0m


[33m▲ [43;33m[[43;30mWARNING[43;33m][0m [1mNG8107: NG8107: The left side of this optional chain operation does not include 'null' or 'undefined' in its type, therefore the '?.' operator can be replaced with the '.' operator. Find more at https://v21.angular.dev/extended-diagnostics/NG8107[0m [1m[35m[plugin angular-compiler][0m

    src/app/canvas/canvas.component.html:520:25:
[37m      520 │       <div *ngIf="cards?.[32mlength[37m" class="canvas-pagination">
          ╵                          [32m~~~~~~[0m

  Warning occurs in the template of component CanvasComponent.

    src/app/canvas/canvas.component.ts:37:15:
[37m      37 │   templateUrl: [32m'./canvas.component.html'[37m,
         ╵                [32m~~~~~~~~~~~~~~~~~~~~~~~~~[0m


[33m▲ [43;33m[[43;30mWARNING[43;33m][0m [1mNG8113: CanvasComponent is not used within the template of WidgetComponent[0m [1m[35m[plugin angular-compiler][0m

    src/app/widget/widget.component.ts:48:41:
[37m      48 │ ...orts: [CommonModule, ChatComponent, [32mCanvasComponent[37m, SafeSvgPipe],
         ╵                                        [32m~~~~~~~~~~~~~~~[0m


[33m▲ [43;33m[[43;30mWARNING[43;33m][0m [1mNG8107: NG8107: The left side of this optional chain operation does not include 'null' or 'undefined' in its type, therefore the '?.' operator can be replaced with the '.' operator. Find more at https://v21.angular.dev/extended-diagnostics/NG8107[0m [1m[35m[plugin angular-compiler][0m

    src/app/widget/widget.component.ts:64:47:
[37m      64 │                  [class.is-thinking]="chatRef?.[32misLoading[37m"
         ╵                                                [32m~~~~~~~~~[0m


[33m▲ [43;33m[[43;30mWARNING[43;33m][0m [1mNG8107: NG8107: The left side of this optional chain operation does not include 'null' or 'undefined' in its type, therefore the '?.' operator can be replaced with the '.' operator. Find more at https://v21.angular.dev/extended-diagnostics/NG8107[0m [1m[35m[plugin angular-compiler][0m

    src/app/widget/widget.component.ts:65:47:
[37m      65 │ ...   [class.is-speaking]="chatRef?.[32mautoSpeak[37m && chatRef?.isSpeaking"
         ╵                                     [32m~~~~~~~~~[0m


[33m▲ [43;33m[[43;30mWARNING[43;33m][0m [1mNG8107: NG8107: The left side of this optional chain operation does not include 'null' or 'undefined' in its type, therefore the '?.' operator can be replaced with the '.' operator. Find more at https://v21.angular.dev/extended-diagnostics/NG8107[0m [1m[35m[plugin angular-compiler][0m

    src/app/widget/widget.component.ts:65:69:
[37m      65 │ ...   [class.is-speaking]="chatRef?.autoSpeak && chatRef?.[32misSpeaking[37m"
         ╵                                                           [32m~~~~~~~~~~[0m


[33m▲ [43;33m[[43;30mWARNING[43;33m][0m [1mNG8107: NG8107: The left side of this optional chain operation does not include 'null' or 'undefined' in its type, therefore the '?.' operator can be replaced with the '.' operator. Find more at https://v21.angular.dev/extended-diagnostics/NG8107[0m [1m[35m[plugin angular-compiler][0m

    src/app/widget/widget.component.ts:69:58:
[37m      69 │ ...s="boerdi-status" *ngIf="chatRef?.[32misLoading[37m">denkt nach …</span>
         ╵                                      [32m~~~~~~~~~[0m


[33m▲ [43;33m[[43;30mWARNING[43;33m][0m [1mNG8107: NG8107: The left side of this optional chain operation does not include 'null' or 'undefined' in its type, therefore the '?.' operator can be replaced with the '.' operator. Find more at https://v21.angular.dev/extended-diagnostics/NG8107[0m [1m[35m[plugin angular-compiler][0m

    src/app/widget/widget.component.ts:70:59:
[37m      70 │ ...i-status" *ngIf="!chatRef?.[32misLoading[37m && chatRef?.autoSpeak && c...
         ╵                               [32m~~~~~~~~~[0m


[33m▲ [43;33m[[43;30mWARNING[43;33m][0m [1mNG8107: NG8107: The left side of this optional chain operation does not include 'null' or 'undefined' in its type, therefore the '?.' operator can be replaced with the '.' operator. Find more at https://v21.angular.dev/extended-diagnostics/NG8107[0m [1m[35m[plugin angular-compiler][0m

    src/app/widget/widget.component.ts:70:81:
[37m      70 │ ...Ref?.isLoading && chatRef?.[32mautoSpeak[37m && chatRef?.isSpeaking">sp...
         ╵                               [32m~~~~~~~~~[0m


[33m▲ [43;33m[[43;30mWARNING[43;33m][0m [1mNG8107: NG8107: The left side of this optional chain operation does not include 'null' or 'undefined' in its type, therefore the '?.' operator can be replaced with the '.' operator. Find more at https://v21.angular.dev/extended-diagnostics/NG8107[0m [1m[35m[plugin angular-compiler][0m

    src/app/widget/widget.component.ts:70:103:
[37m      70 │ ...g && chatRef?.autoSpeak && chatRef?.[32misSpeaking[37m">spricht …</span>
         ╵                                        [32m~~~~~~~~~~[0m


[33m▲ [43;33m[[43;30mWARNING[43;33m][0m [1mNG8107: NG8107: The left side of this optional chain operation does not include 'null' or 'undefined' in its type, therefore the '?.' operator can be replaced with the '.' operator. Find more at https://v21.angular.dev/extended-diagnostics/NG8107[0m [1m[35m[plugin angular-compiler][0m

    src/app/widget/widget.component.ts:82:36:
[37m      82 │             <button *ngIf="chatRef?.[32mlanguageButtonsVisible[37m"
         ╵                                     [32m~~~~~~~~~~~~~~~~~~~~~~[0m


[33m▲ [43;33m[[43;30mWARNING[43;33m][0m [1mNG8107: NG8107: The left side of this optional chain operation does not include 'null' or 'undefined' in its type, therefore the '?.' operator can be replaced with the '.' operator. Find more at https://v21.angular.dev/extended-diagnostics/NG8107[0m [1m[35m[plugin angular-compiler][0m

    src/app/widget/widget.component.ts:84:44:
[37m      84 │                     [class.is-on]="chatRef?.[32mautoSpeak[37m"
         ╵                                             [32m~~~~~~~~~[0m


[33m▲ [43;33m[[43;30mWARNING[43;33m][0m [1mNG8107: NG8107: The left side of this optional chain operation does not include 'null' or 'undefined' in its type, therefore the '?.' operator can be replaced with the '.' operator. Find more at https://v21.angular.dev/extended-diagnostics/NG8107[0m [1m[35m[plugin angular-compiler][0m

    src/app/widget/widget.component.ts:85:46:
[37m      85 │                     [class.is-off]="!chatRef?.[32mautoSpeak[37m"
         ╵                                               [32m~~~~~~~~~[0m


[33m▲ [43;33m[[43;30mWARNING[43;33m][0m [1mNG8107: NG8107: The left side of this optional chain operation does not include 'null' or 'undefined' in its type, therefore the '?.' operator can be replaced with the '.' operator. Find more at https://v21.angular.dev/extended-diagnostics/NG8107[0m [1m[35m[plugin angular-compiler][0m

    src/app/widget/widget.component.ts:86:38:
[37m      86 │                     (click)="chatRef?.[32mtoggleAutoSpeak[37m()"
         ╵                                       [32m~~~~~~~~~~~~~~~[0m


[33m▲ [43;33m[[43;30mWARNING[43;33m][0m [1mNG8107: NG8107: The left side of this optional chain operation does not include 'null' or 'undefined' in its type, therefore the '?.' operator can be replaced with the '.' operator. Find more at https://v21.angular.dev/extended-diagnostics/NG8107[0m [1m[35m[plugin angular-compiler][0m

    src/app/widget/widget.component.ts:87:38:
[37m      87 │ ...         [title]="chatRef?.[32mautoSpeak[37m ? 'Sprachausgabe aus' : 'S...
         ╵                               [32m~~~~~~~~~[0m


[33m▲ [43;33m[[43;30mWARNING[43;33m][0m [1mNG8107: NG8107: The left side of this optional chain operation does not include 'null' or 'undefined' in its type, therefore the '?.' operator can be replaced with the '.' operator. Find more at https://v21.angular.dev/extended-diagnostics/NG8107[0m [1m[35m[plugin angular-compiler][0m

    src/app/widget/widget.component.ts:89:43:
[37m      89 │ ...    [innerHTML]="(chatRef?.[32mautoSpeak[37m ? ICONS.volume_up : ICONS....
         ╵                               [32m~~~~~~~~~[0m


[33m▲ [43;33m[[43;30mWARNING[43;33m][0m [1mNG8107: NG8107: The left side of this optional chain operation does not include 'null' or 'undefined' in its type, therefore the '?.' operator can be replaced with the '.' operator. Find more at https://v21.angular.dev/extended-diagnostics/NG8107[0m [1m[35m[plugin angular-compiler][0m

    src/app/widget/widget.component.ts:91:36:
[37m      91 │             <button *ngIf="chatRef?.[32mdebugButtonVisible[37m"
         ╵                                     [32m~~~~~~~~~~~~~~~~~~[0m


[33m▲ [43;33m[[43;30mWARNING[43;33m][0m [1mNG8107: NG8107: The left side of this optional chain operation does not include 'null' or 'undefined' in its type, therefore the '?.' operator can be replaced with the '.' operator. Find more at https://v21.angular.dev/extended-diagnostics/NG8107[0m [1m[35m[plugin angular-compiler][0m

    src/app/widget/widget.component.ts:93:44:
[37m      93 │                     [class.is-on]="chatRef?.[32mshowDebug[37m"
         ╵                                             [32m~~~~~~~~~[0m


[33m▲ [43;33m[[43;30mWARNING[43;33m][0m [1mNG8107: NG8107: The left side of this optional chain operation does not include 'null' or 'undefined' in its type, therefore the '?.' operator can be replaced with the '.' operator. Find more at https://v21.angular.dev/extended-diagnostics/NG8107[0m [1m[35m[plugin angular-compiler][0m

    src/app/widget/widget.component.ts:94:46:
[37m      94 │                     [class.is-off]="!chatRef?.[32mshowDebug[37m"
         ╵                                               [32m~~~~~~~~~[0m


[33m▲ [43;33m[[43;30mWARNING[43;33m][0m [1mNG8107: NG8107: The left side of this optional chain operation does not include 'null' or 'undefined' in its type, therefore the '?.' operator can be replaced with the '.' operator. Find more at https://v21.angular.dev/extended-diagnostics/NG8107[0m [1m[35m[plugin angular-compiler][0m

    src/app/widget/widget.component.ts:95:38:
[37m      95 │                     (click)="chatRef?.[32mtoggleDebug[37m()"
         ╵                                       [32m~~~~~~~~~~~[0m


[33m▲ [43;33m[[43;30mWARNING[43;33m][0m [1mNG8107: NG8107: The left side of this optional chain operation does not include 'null' or 'undefined' in its type, therefore the '?.' operator can be replaced with the '.' operator. Find more at https://v21.angular.dev/extended-diagnostics/NG8107[0m [1m[35m[plugin angular-compiler][0m

    src/app/widget/widget.component.ts:96:38:
[37m      96 │ ...          [title]="chatRef?.[32mshowDebug[37m ? 'Debug aus' : 'Debug an'">
         ╵                                [32m~~~~~~~~~[0m


[33m▲ [43;33m[[43;30mWARNING[43;33m][0m [1mNG8107: NG8107: The left side of this optional chain operation does not include 'null' or 'undefined' in its type, therefore the '?.' operator can be replaced with the '.' operator. Find more at https://v21.angular.dev/extended-diagnostics/NG8107[0m [1m[35m[plugin angular-compiler][0m

    src/app/widget/widget.component.ts:103:38:
[37m      103 │                     (click)="chatRef?.[32mrestart[37m()"
          ╵                                       [32m~~~~~~~[0m

[39m[22m
[1m[33m[33m▲ [43;33m[[43;30mWARNING[43;33m][0m [1mNG8107: NG8107: The left side of this optional chain operation does not include 'null' or 'undefined' in its type, therefore the '?.' operator can be replaced with the '.' operator. Find more at https://v21.angular.dev/extended-diagnostics/NG8107[0m [1m[35m[plugin angular-compiler][0m

    src/app/canvas/canvas.component.html:37:63:
[37m      37 │ ...an class="count" *ngIf="cards?.[32mlength[37m">({{ cards.length }})</span>
         ╵                                   [32m~~~~~~[0m

  Warning occurs in the template of component CanvasComponent.

    src/app/canvas/canvas.component.ts:37:15:
[37m      37 │   templateUrl: [32m'./canvas.component.html'[37m,
         ╵                [32m~~~~~~~~~~~~~~~~~~~~~~~~~[0m


[33m▲ [43;33m[[43;30mWARNING[43;33m][0m [1mNG8107: NG8107: The left side of this optional chain operation does not include 'null' or 'undefined' in its type, therefore the '?.' operator can be replaced with the '.' operator. Find more at https://v21.angular.dev/extended-diagnostics/NG8107[0m [1m[35m[plugin angular-compiler][0m

    src/app/canvas/canvas.component.html:200:72:
[37m      200 │ ... Tab öffnen' + (previewCard?[32m.titl[37me ? ': ' + previewCard.title...
          ╵                                [32m~~~~~[0m

  Warning occurs in the template of component CanvasComponent.

    src/app/canvas/canvas.component.ts:37:15:
[37m      37 │   templateUrl: [32m'./canvas.component.html'[37m,
         ╵                [32m~~~~~~~~~~~~~~~~~~~~~~~~~[0m


[33m▲ [43;33m[[43;30mWARNING[43;33m][0m [1mNG8107: NG8107: The left side of this optional chain operation does not include 'null' or 'undefined' in its type, therefore the '?.' operator can be replaced with the '.' operator. Find more at https://v21.angular.dev/extended-diagnostics/NG8107[0m [1m[35m[plugin angular-compiler][0m

    src/app/canvas/canvas.component.html:511:26:
[37m      511 │       <div *ngIf="!cards?.[32mlength[37m" class="canvas-empty">
          ╵                           [32m~~~~~~[0m

  Warning occurs in the template of component CanvasComponent.

    src/app/canvas/canvas.component.ts:37:15:
[37m      37 │   templateUrl: [32m'./canvas.component.html'[37m,
         ╵                [32m~~~~~~~~~~~~~~~~~~~~~~~~~[0m


[33m▲ [43;33m[[43;30mWARNING[43;33m][0m [1mNG8107: NG8107: The left side of this optional chain operation does not include 'null' or 'undefined' in its type, therefore the '?.' operator can be replaced with the '.' operator. Find more at https://v21.angular.dev/extended-diagnostics/NG8107[0m [1m[35m[plugin angular-compiler][0m

    src/app/canvas/canvas.component.html:520:25:
[37m      520 │       <div *ngIf="cards?.[32mlength[37m" class="canvas-pagination">
          ╵                          [32m~~~~~~[0m

  Warning occurs in the template of component CanvasComponent.

    src/app/canvas/canvas.component.ts:37:15:
[37m      37 │   templateUrl: [32m'./canvas.component.html'[37m,
         ╵                [32m~~~~~~~~~~~~~~~~~~~~~~~~~[0m


[33m▲ [43;33m[[43;30mWARNING[43;33m][0m [1mNG8113: CanvasComponent is not used within the template of WidgetComponent[0m [1m[35m[plugin angular-compiler][0m

    src/app/widget/widget.component.ts:48:41:
[37m      48 │ ...orts: [CommonModule, ChatComponent, [32mCanvasComponent[37m, SafeSvgPipe],
         ╵                                        [32m~~~~~~~~~~~~~~~[0m


[33m▲ [43;33m[[43;30mWARNING[43;33m][0m [1mNG8107: NG8107: The left side of this optional chain operation does not include 'null' or 'undefined' in its type, therefore the '?.' operator can be replaced with the '.' operator. Find more at https://v21.angular.dev/extended-diagnostics/NG8107[0m [1m[35m[plugin angular-compiler][0m

    src/app/widget/widget.component.ts:64:47:
[37m      64 │                  [class.is-thinking]="chatRef?.[32misLoading[37m"
         ╵                                                [32m~~~~~~~~~[0m


[33m▲ [43;33m[[43;30mWARNING[43;33m][0m [1mNG8107: NG8107: The left side of this optional chain operation does not include 'null' or 'undefined' in its type, therefore the '?.' operator can be replaced with the '.' operator. Find more at https://v21.angular.dev/extended-diagnostics/NG8107[0m [1m[35m[plugin angular-compiler][0m

    src/app/widget/widget.component.ts:65:47:
[37m      65 │ ...   [class.is-speaking]="chatRef?.[32mautoSpeak[37m && chatRef?.isSpeaking"
         ╵                                     [32m~~~~~~~~~[0m


[33m▲ [43;33m[[43;30mWARNING[43;33m][0m [1mNG8107: NG8107: The left side of this optional chain operation does not include 'null' or 'undefined' in its type, therefore the '?.' operator can be replaced with the '.' operator. Find more at https://v21.angular.dev/extended-diagnostics/NG8107[0m [1m[35m[plugin angular-compiler][0m

    src/app/widget/widget.component.ts:65:69:
[37m      65 │ ...   [class.is-speaking]="chatRef?.autoSpeak && chatRef?.[32misSpeaking[37m"
         ╵                                                           [32m~~~~~~~~~~[0m


[33m▲ [43;33m[[43;30mWARNING[43;33m][0m [1mNG8107: NG8107: The left side of this optional chain operation does not include 'null' or 'undefined' in its type, therefore the '?.' operator can be replaced with the '.' operator. Find more at https://v21.angular.dev/extended-diagnostics/NG8107[0m [1m[35m[plugin angular-compiler][0m

    src/app/widget/widget.component.ts:69:58:
[37m      69 │ ...s="boerdi-status" *ngIf="chatRef?.[32misLoading[37m">denkt nach …</span>
         ╵                                      [32m~~~~~~~~~[0m


[33m▲ [43;33m[[43;30mWARNING[43;33m][0m [1mNG8107: NG8107: The left side of this optional chain operation does not include 'null' or 'undefined' in its type, therefore the '?.' operator can be replaced with the '.' operator. Find more at https://v21.angular.dev/extended-diagnostics/NG8107[0m [1m[35m[plugin angular-compiler][0m

    src/app/widget/widget.component.ts:70:59:
[37m      70 │ ...i-status" *ngIf="!chatRef?.[32misLoading[37m && chatRef?.autoSpeak && c...
         ╵                               [32m~~~~~~~~~[0m


[33m▲ [43;33m[[43;30mWARNING[43;33m][0m [1mNG8107: NG8107: The left side of this optional chain operation does not include 'null' or 'undefined' in its type, therefore the '?.' operator can be replaced with the '.' operator. Find more at https://v21.angular.dev/extended-diagnostics/NG8107[0m [1m[35m[plugin angular-compiler][0m

    src/app/widget/widget.component.ts:70:81:
[37m      70 │ ...Ref?.isLoading && chatRef?.[32mautoSpeak[37m && chatRef?.isSpeaking">sp...
         ╵                               [32m~~~~~~~~~[0m


[33m▲ [43;33m[[43;30mWARNING[43;33m][0m [1mNG8107: NG8107: The left side of this optional chain operation does not include 'null' or 'undefined' in its type, therefore the '?.' operator can be replaced with the '.' operator. Find more at https://v21.angular.dev/extended-diagnostics/NG8107[0m [1m[35m[plugin angular-compiler][0m

    src/app/widget/widget.component.ts:70:103:
[37m      70 │ ...g && chatRef?.autoSpeak && chatRef?.[32misSpeaking[37m">spricht …</span>
         ╵                                        [32m~~~~~~~~~~[0m


[33m▲ [43;33m[[43;30mWARNING[43;33m][0m [1mNG8107: NG8107: The left side of this optional chain operation does not include 'null' or 'undefined' in its type, therefore the '?.' operator can be replaced with the '.' operator. Find more at https://v21.angular.dev/extended-diagnostics/NG8107[0m [1m[35m[plugin angular-compiler][0m

    src/app/widget/widget.component.ts:82:36:
[37m      82 │             <button *ngIf="chatRef?.[32mlanguageButtonsVisible[37m"
         ╵                                     [32m~~~~~~~~~~~~~~~~~~~~~~[0m


[33m▲ [43;33m[[43;30mWARNING[43;33m][0m [1mNG8107: NG8107: The left side of this optional chain operation does not include 'null' or 'undefined' in its type, therefore the '?.' operator can be replaced with the '.' operator. Find more at https://v21.angular.dev/extended-diagnostics/NG8107[0m [1m[35m[plugin angular-compiler][0m

    src/app/widget/widget.component.ts:84:44:
[37m      84 │                     [class.is-on]="chatRef?.[32mautoSpeak[37m"
         ╵                                             [32m~~~~~~~~~[0m


[33m▲ [43;33m[[43;30mWARNING[43;33m][0m [1mNG8107: NG8107: The left side of this optional chain operation does not include 'null' or 'undefined' in its type, therefore the '?.' operator can be replaced with the '.' operator. Find more at https://v21.angular.dev/extended-diagnostics/NG8107[0m [1m[35m[plugin angular-compiler][0m

    src/app/widget/widget.component.ts:85:46:
[37m      85 │                     [class.is-off]="!chatRef?.[32mautoSpeak[37m"
         ╵                                               [32m~~~~~~~~~[0m


[33m▲ [43;33m[[43;30mWARNING[43;33m][0m [1mNG8107: NG8107: The left side of this optional chain operation does not include 'null' or 'undefined' in its type, therefore the '?.' operator can be replaced with the '.' operator. Find more at https://v21.angular.dev/extended-diagnostics/NG8107[0m [1m[35m[plugin angular-compiler][0m

    src/app/widget/widget.component.ts:86:38:
[37m      86 │                     (click)="chatRef?.[32mtoggleAutoSpeak[37m()"
         ╵                                       [32m~~~~~~~~~~~~~~~[0m


[33m▲ [43;33m[[43;30mWARNING[43;33m][0m [1mNG8107: NG8107: The left side of this optional chain operation does not include 'null' or 'undefined' in its type, therefore the '?.' operator can be replaced with the '.' operator. Find more at https://v21.angular.dev/extended-diagnostics/NG8107[0m [1m[35m[plugin angular-compiler][0m

    src/app/widget/widget.component.ts:87:38:
[37m      87 │ ...         [title]="chatRef?.[32mautoSpeak[37m ? 'Sprachausgabe aus' : 'S...
         ╵                               [32m~~~~~~~~~[0m


[33m▲ [43;33m[[43;30mWARNING[43;33m][0m [1mNG8107: NG8107: The left side of this optional chain operation does not include 'null' or 'undefined' in its type, therefore the '?.' operator can be replaced with the '.' operator. Find more at https://v21.angular.dev/extended-diagnostics/NG8107[0m [1m[35m[plugin angular-compiler][0m

    src/app/widget/widget.component.ts:89:43:
[37m      89 │ ...    [innerHTML]="(chatRef?.[32mautoSpeak[37m ? ICONS.volume_up : ICONS....
         ╵                               [32m~~~~~~~~~[0m


[33m▲ [43;33m[[43;30mWARNING[43;33m][0m [1mNG8107: NG8107: The left side of this optional chain operation does not include 'null' or 'undefined' in its type, therefore the '?.' operator can be replaced with the '.' operator. Find more at https://v21.angular.dev/extended-diagnostics/NG8107[0m [1m[35m[plugin angular-compiler][0m

    src/app/widget/widget.component.ts:91:36:
[37m      91 │             <button *ngIf="chatRef?.[32mdebugButtonVisible[37m"
         ╵                                     [32m~~~~~~~~~~~~~~~~~~[0m


[33m▲ [43;33m[[43;30mWARNING[43;33m][0m [1mNG8107: NG8107: The left side of this optional chain operation does not include 'null' or 'undefined' in its type, therefore the '?.' operator can be replaced with the '.' operator. Find more at https://v21.angular.dev/extended-diagnostics/NG8107[0m [1m[35m[plugin angular-compiler][0m

    src/app/widget/widget.component.ts:93:44:
[37m      93 │                     [class.is-on]="chatRef?.[32mshowDebug[37m"
         ╵                                             [32m~~~~~~~~~[0m


[33m▲ [43;33m[[43;30mWARNING[43;33m][0m [1mNG8107: NG8107: The left side of this optional chain operation does not include 'null' or 'undefined' in its type, therefore the '?.' operator can be replaced with the '.' operator. Find more at https://v21.angular.dev/extended-diagnostics/NG8107[0m [1m[35m[plugin angular-compiler][0m

    src/app/widget/widget.component.ts:94:46:
[37m      94 │                     [class.is-off]="!chatRef?.[32mshowDebug[37m"
         ╵                                               [32m~~~~~~~~~[0m


[33m▲ [43;33m[[43;30mWARNING[43;33m][0m [1mNG8107: NG8107: The left side of this optional chain operation does not include 'null' or 'undefined' in its type, therefore the '?.' operator can be replaced with the '.' operator. Find more at https://v21.angular.dev/extended-diagnostics/NG8107[0m [1m[35m[plugin angular-compiler][0m

    src/app/widget/widget.component.ts:95:38:
[37m      95 │                     (click)="chatRef?.[32mtoggleDebug[37m()"
         ╵                                       [32m~~~~~~~~~~~[0m


[33m▲ [43;33m[[43;30mWARNING[43;33m][0m [1mNG8107: NG8107: The left side of this optional chain operation does not include 'null' or 'undefined' in its type, therefore the '?.' operator can be replaced with the '.' operator. Find more at https://v21.angular.dev/extended-diagnostics/NG8107[0m [1m[35m[plugin angular-compiler][0m

    src/app/widget/widget.component.ts:96:38:
[37m      96 │ ...          [title]="chatRef?.[32mshowDebug[37m ? 'Debug aus' : 'Debug an'">
         ╵                                [32m~~~~~~~~~[0m


[33m▲ [43;33m[[43;30mWARNING[43;33m][0m [1mNG8107: NG8107: The left side of this optional chain operation does not include 'null' or 'undefined' in its type, therefore the '?.' operator can be replaced with the '.' operator. Find more at https://v21.angular.dev/extended-diagnostics/NG8107[0m [1m[35m[plugin angular-compiler][0m

    src/app/widget/widget.component.ts:103:38:
[37m      103 │                     (click)="chatRef?.[32mrestart[37m()"
          ╵                                       [32m~~~~~~~[0m

[39m[22m
[1m[33m[33m▲ [43;33m[[43;30mWARNING[43;33m][0m [1mNG8107: NG8107: The left side of this optional chain operation does not include 'null' or 'undefined' in its type, therefore the '?.' operator can be replaced with the '.' operator. Find more at https://v21.angular.dev/extended-diagnostics/NG8107[0m [1m[35m[plugin angular-compiler][0m

    src/app/canvas/canvas.component.html:37:63:
[37m      37 │ ...an class="count" *ngIf="cards?.[32mlength[37m">({{ cards.length }})</span>
         ╵                                   [32m~~~~~~[0m

  Warning occurs in the template of component CanvasComponent.

    src/app/canvas/canvas.component.ts:37:15:
[37m      37 │   templateUrl: [32m'./canvas.component.html'[37m,
         ╵                [32m~~~~~~~~~~~~~~~~~~~~~~~~~[0m


[33m▲ [43;33m[[43;30mWARNING[43;33m][0m [1mNG8107: NG8107: The left side of this optional chain operation does not include 'null' or 'undefined' in its type, therefore the '?.' operator can be replaced with the '.' operator. Find more at https://v21.angular.dev/extended-diagnostics/NG8107[0m [1m[35m[plugin angular-compiler][0m

    src/app/canvas/canvas.component.html:200:72:
[37m      200 │ ... Tab öffnen' + (previewCard?[32m.titl[37me ? ': ' + previewCard.title...
          ╵                                [32m~~~~~[0m

  Warning occurs in the template of component CanvasComponent.

    src/app/canvas/canvas.component.ts:37:15:
[37m      37 │   templateUrl: [32m'./canvas.component.html'[37m,
         ╵                [32m~~~~~~~~~~~~~~~~~~~~~~~~~[0m


[33m▲ [43;33m[[43;30mWARNING[43;33m][0m [1mNG8107: NG8107: The left side of this optional chain operation does not include 'null' or 'undefined' in its type, therefore the '?.' operator can be replaced with the '.' operator. Find more at https://v21.angular.dev/extended-diagnostics/NG8107[0m [1m[35m[plugin angular-compiler][0m

    src/app/canvas/canvas.component.html:511:26:
[37m      511 │       <div *ngIf="!cards?.[32mlength[37m" class="canvas-empty">
          ╵                           [32m~~~~~~[0m

  Warning occurs in the template of component CanvasComponent.

    src/app/canvas/canvas.component.ts:37:15:
[37m      37 │   templateUrl: [32m'./canvas.component.html'[37m,
         ╵                [32m~~~~~~~~~~~~~~~~~~~~~~~~~[0m


[33m▲ [43;33m[[43;30mWARNING[43;33m][0m [1mNG8107: NG8107: The left side of this optional chain operation does not include 'null' or 'undefined' in its type, therefore the '?.' operator can be replaced with the '.' operator. Find more at https://v21.angular.dev/extended-diagnostics/NG8107[0m [1m[35m[plugin angular-compiler][0m

    src/app/canvas/canvas.component.html:520:25:
[37m      520 │       <div *ngIf="cards?.[32mlength[37m" class="canvas-pagination">
          ╵                          [32m~~~~~~[0m

  Warning occurs in the template of component CanvasComponent.

    src/app/canvas/canvas.component.ts:37:15:
[37m      37 │   templateUrl: [32m'./canvas.component.html'[37m,
         ╵                [32m~~~~~~~~~~~~~~~~~~~~~~~~~[0m


[33m▲ [43;33m[[43;30mWARNING[43;33m][0m [1mNG8113: CanvasComponent is not used within the template of WidgetComponent[0m [1m[35m[plugin angular-compiler][0m

    src/app/widget/widget.component.ts:48:41:
[37m      48 │ ...orts: [CommonModule, ChatComponent, [32mCanvasComponent[37m, SafeSvgPipe],
         ╵                                        [32m~~~~~~~~~~~~~~~[0m


[33m▲ [43;33m[[43;30mWARNING[43;33m][0m [1mNG8107: NG8107: The left side of this optional chain operation does not include 'null' or 'undefined' in its type, therefore the '?.' operator can be replaced with the '.' operator. Find more at https://v21.angular.dev/extended-diagnostics/NG8107[0m [1m[35m[plugin angular-compiler][0m

    src/app/widget/widget.component.ts:64:47:
[37m      64 │                  [class.is-thinking]="chatRef?.[32misLoading[37m"
         ╵                                                [32m~~~~~~~~~[0m


[33m▲ [43;33m[[43;30mWARNING[43;33m][0m [1mNG8107: NG8107: The left side of this optional chain operation does not include 'null' or 'undefined' in its type, therefore the '?.' operator can be replaced with the '.' operator. Find more at https://v21.angular.dev/extended-diagnostics/NG8107[0m [1m[35m[plugin angular-compiler][0m

    src/app/widget/widget.component.ts:65:47:
[37m      65 │ ...   [class.is-speaking]="chatRef?.[32mautoSpeak[37m && chatRef?.isSpeaking"
         ╵                                     [32m~~~~~~~~~[0m


[33m▲ [43;33m[[43;30mWARNING[43;33m][0m [1mNG8107: NG8107: The left side of this optional chain operation does not include 'null' or 'undefined' in its type, therefore the '?.' operator can be replaced with the '.' operator. Find more at https://v21.angular.dev/extended-diagnostics/NG8107[0m [1m[35m[plugin angular-compiler][0m

    src/app/widget/widget.component.ts:65:69:
[37m      65 │ ...   [class.is-speaking]="chatRef?.autoSpeak && chatRef?.[32misSpeaking[37m"
         ╵                                                           [32m~~~~~~~~~~[0m


[33m▲ [43;33m[[43;30mWARNING[43;33m][0m [1mNG8107: NG8107: The left side of this optional chain operation does not include 'null' or 'undefined' in its type, therefore the '?.' operator can be replaced with the '.' operator. Find more at https://v21.angular.dev/extended-diagnostics/NG8107[0m [1m[35m[plugin angular-compiler][0m

    src/app/widget/widget.component.ts:69:58:
[37m      69 │ ...s="boerdi-status" *ngIf="chatRef?.[32misLoading[37m">denkt nach …</span>
         ╵                                      [32m~~~~~~~~~[0m


[33m▲ [43;33m[[43;30mWARNING[43;33m][0m [1mNG8107: NG8107: The left side of this optional chain operation does not include 'null' or 'undefined' in its type, therefore the '?.' operator can be replaced with the '.' operator. Find more at https://v21.angular.dev/extended-diagnostics/NG8107[0m [1m[35m[plugin angular-compiler][0m

    src/app/widget/widget.component.ts:70:59:
[37m      70 │ ...i-status" *ngIf="!chatRef?.[32misLoading[37m && chatRef?.autoSpeak && c...
         ╵                               [32m~~~~~~~~~[0m


[33m▲ [43;33m[[43;30mWARNING[43;33m][0m [1mNG8107: NG8107: The left side of this optional chain operation does not include 'null' or 'undefined' in its type, therefore the '?.' operator can be replaced with the '.' operator. Find more at https://v21.angular.dev/extended-diagnostics/NG8107[0m [1m[35m[plugin angular-compiler][0m

    src/app/widget/widget.component.ts:70:81:
[37m      70 │ ...Ref?.isLoading && chatRef?.[32mautoSpeak[37m && chatRef?.isSpeaking">sp...
         ╵                               [32m~~~~~~~~~[0m


[33m▲ [43;33m[[43;30mWARNING[43;33m][0m [1mNG8107: NG8107: The left side of this optional chain operation does not include 'null' or 'undefined' in its type, therefore the '?.' operator can be replaced with the '.' operator. Find more at https://v21.angular.dev/extended-diagnostics/NG8107[0m [1m[35m[plugin angular-compiler][0m

    src/app/widget/widget.component.ts:70:103:
[37m      70 │ ...g && chatRef?.autoSpeak && chatRef?.[32misSpeaking[37m">spricht …</span>
         ╵                                        [32m~~~~~~~~~~[0m


[33m▲ [43;33m[[43;30mWARNING[43;33m][0m [1mNG8107: NG8107: The left side of this optional chain operation does not include 'null' or 'undefined' in its type, therefore the '?.' operator can be replaced with the '.' operator. Find more at https://v21.angular.dev/extended-diagnostics/NG8107[0m [1m[35m[plugin angular-compiler][0m

    src/app/widget/widget.component.ts:82:36:
[37m      82 │             <button *ngIf="chatRef?.[32mlanguageButtonsVisible[37m"
         ╵                                     [32m~~~~~~~~~~~~~~~~~~~~~~[0m


[33m▲ [43;33m[[43;30mWARNING[43;33m][0m [1mNG8107: NG8107: The left side of this optional chain operation does not include 'null' or 'undefined' in its type, therefore the '?.' operator can be replaced with the '.' operator. Find more at https://v21.angular.dev/extended-diagnostics/NG8107[0m [1m[35m[plugin angular-compiler][0m

    src/app/widget/widget.component.ts:84:44:
[37m      84 │                     [class.is-on]="chatRef?.[32mautoSpeak[37m"
         ╵                                             [32m~~~~~~~~~[0m


[33m▲ [43;33m[[43;30mWARNING[43;33m][0m [1mNG8107: NG8107: The left side of this optional chain operation does not include 'null' or 'undefined' in its type, therefore the '?.' operator can be replaced with the '.' operator. Find more at https://v21.angular.dev/extended-diagnostics/NG8107[0m [1m[35m[plugin angular-compiler][0m

    src/app/widget/widget.component.ts:85:46:
[37m      85 │                     [class.is-off]="!chatRef?.[32mautoSpeak[37m"
         ╵                                               [32m~~~~~~~~~[0m


[33m▲ [43;33m[[43;30mWARNING[43;33m][0m [1mNG8107: NG8107: The left side of this optional chain operation does not include 'null' or 'undefined' in its type, therefore the '?.' operator can be replaced with the '.' operator. Find more at https://v21.angular.dev/extended-diagnostics/NG8107[0m [1m[35m[plugin angular-compiler][0m

    src/app/widget/widget.component.ts:86:38:
[37m      86 │                     (click)="chatRef?.[32mtoggleAutoSpeak[37m()"
         ╵                                       [32m~~~~~~~~~~~~~~~[0m


[33m▲ [43;33m[[43;30mWARNING[43;33m][0m [1mNG8107: NG8107: The left side of this optional chain operation does not include 'null' or 'undefined' in its type, therefore the '?.' operator can be replaced with the '.' operator. Find more at https://v21.angular.dev/extended-diagnostics/NG8107[0m [1m[35m[plugin angular-compiler][0m

    src/app/widget/widget.component.ts:87:38:
[37m      87 │ ...         [title]="chatRef?.[32mautoSpeak[37m ? 'Sprachausgabe aus' : 'S...
         ╵                               [32m~~~~~~~~~[0m


[33m▲ [43;33m[[43;30mWARNING[43;33m][0m [1mNG8107: NG8107: The left side of this optional chain operation does not include 'null' or 'undefined' in its type, therefore the '?.' operator can be replaced with the '.' operator. Find more at https://v21.angular.dev/extended-diagnostics/NG8107[0m [1m[35m[plugin angular-compiler][0m

    src/app/widget/widget.component.ts:89:43:
[37m      89 │ ...    [innerHTML]="(chatRef?.[32mautoSpeak[37m ? ICONS.volume_up : ICONS....
         ╵                               [32m~~~~~~~~~[0m


[33m▲ [43;33m[[43;30mWARNING[43;33m][0m [1mNG8107: NG8107: The left side of this optional chain operation does not include 'null' or 'undefined' in its type, therefore the '?.' operator can be replaced with the '.' operator. Find more at https://v21.angular.dev/extended-diagnostics/NG8107[0m [1m[35m[plugin angular-compiler][0m

    src/app/widget/widget.component.ts:91:36:
[37m      91 │             <button *ngIf="chatRef?.[32mdebugButtonVisible[37m"
         ╵                                     [32m~~~~~~~~~~~~~~~~~~[0m


[33m▲ [43;33m[[43;30mWARNING[43;33m][0m [1mNG8107: NG8107: The left side of this optional chain operation does not include 'null' or 'undefined' in its type, therefore the '?.' operator can be replaced with the '.' operator. Find more at https://v21.angular.dev/extended-diagnostics/NG8107[0m [1m[35m[plugin angular-compiler][0m

    src/app/widget/widget.component.ts:93:44:
[37m      93 │                     [class.is-on]="chatRef?.[32mshowDebug[37m"
         ╵                                             [32m~~~~~~~~~[0m


[33m▲ [43;33m[[43;30mWARNING[43;33m][0m [1mNG8107: NG8107: The left side of this optional chain operation does not include 'null' or 'undefined' in its type, therefore the '?.' operator can be replaced with the '.' operator. Find more at https://v21.angular.dev/extended-diagnostics/NG8107[0m [1m[35m[plugin angular-compiler][0m

    src/app/widget/widget.component.ts:94:46:
[37m      94 │                     [class.is-off]="!chatRef?.[32mshowDebug[37m"
         ╵                                               [32m~~~~~~~~~[0m


[33m▲ [43;33m[[43;30mWARNING[43;33m][0m [1mNG8107: NG8107: The left side of this optional chain operation does not include 'null' or 'undefined' in its type, therefore the '?.' operator can be replaced with the '.' operator. Find more at https://v21.angular.dev/extended-diagnostics/NG8107[0m [1m[35m[plugin angular-compiler][0m

    src/app/widget/widget.component.ts:95:38:
[37m      95 │                     (click)="chatRef?.[32mtoggleDebug[37m()"
         ╵                                       [32m~~~~~~~~~~~[0m


[33m▲ [43;33m[[43;30mWARNING[43;33m][0m [1mNG8107: NG8107: The left side of this optional chain operation does not include 'null' or 'undefined' in its type, therefore the '?.' operator can be replaced with the '.' operator. Find more at https://v21.angular.dev/extended-diagnostics/NG8107[0m [1m[35m[plugin angular-compiler][0m

    src/app/widget/widget.component.ts:96:38:
[37m      96 │ ...          [title]="chatRef?.[32mshowDebug[37m ? 'Debug aus' : 'Debug an'">
         ╵                                [32m~~~~~~~~~[0m


[33m▲ [43;33m[[43;30mWARNING[43;33m][0m [1mNG8107: NG8107: The left side of this optional chain operation does not include 'null' or 'undefined' in its type, therefore the '?.' operator can be replaced with the '.' operator. Find more at https://v21.angular.dev/extended-diagnostics/NG8107[0m [1m[35m[plugin angular-compiler][0m

    src/app/widget/widget.component.ts:103:38:
[37m      103 │                     (click)="chatRef?.[32mrestart[37m()"
          ╵                                       [32m~~~~~~~[0m

[39m[22m
[1m[33m[33m▲ [43;33m[[43;30mWARNING[43;33m][0m [1mNG8107: NG8107: The left side of this optional chain operation does not include 'null' or 'undefined' in its type, therefore the '?.' operator can be replaced with the '.' operator. Find more at https://v21.angular.dev/extended-diagnostics/NG8107[0m [1m[35m[plugin angular-compiler][0m

    src/app/canvas/canvas.component.html:37:63:
[37m      37 │ ...an class="count" *ngIf="cards?.[32mlength[37m">({{ cards.length }})</span>
         ╵                                   [32m~~~~~~[0m

  Warning occurs in the template of component CanvasComponent.

    src/app/canvas/canvas.component.ts:37:15:
[37m      37 │   templateUrl: [32m'./canvas.component.html'[37m,
         ╵                [32m~~~~~~~~~~~~~~~~~~~~~~~~~[0m


[33m▲ [43;33m[[43;30mWARNING[43;33m][0m [1mNG8107: NG8107: The left side of this optional chain operation does not include 'null' or 'undefined' in its type, therefore the '?.' operator can be replaced with the '.' operator. Find more at https://v21.angular.dev/extended-diagnostics/NG8107[0m [1m[35m[plugin angular-compiler][0m

    src/app/canvas/canvas.component.html:200:72:
[37m      200 │ ... Tab öffnen' + (previewCard?[32m.titl[37me ? ': ' + previewCard.title...
          ╵                                [32m~~~~~[0m

  Warning occurs in the template of component CanvasComponent.

    src/app/canvas/canvas.component.ts:37:15:
[37m      37 │   templateUrl: [32m'./canvas.component.html'[37m,
         ╵                [32m~~~~~~~~~~~~~~~~~~~~~~~~~[0m


[33m▲ [43;33m[[43;30mWARNING[43;33m][0m [1mNG8107: NG8107: The left side of this optional chain operation does not include 'null' or 'undefined' in its type, therefore the '?.' operator can be replaced with the '.' operator. Find more at https://v21.angular.dev/extended-diagnostics/NG8107[0m [1m[35m[plugin angular-compiler][0m

    src/app/canvas/canvas.component.html:511:26:
[37m      511 │       <div *ngIf="!cards?.[32mlength[37m" class="canvas-empty">
          ╵                           [32m~~~~~~[0m

  Warning occurs in the template of component CanvasComponent.

    src/app/canvas/canvas.component.ts:37:15:
[37m      37 │   templateUrl: [32m'./canvas.component.html'[37m,
         ╵                [32m~~~~~~~~~~~~~~~~~~~~~~~~~[0m


[33m▲ [43;33m[[43;30mWARNING[43;33m][0m [1mNG8107: NG8107: The left side of this optional chain operation does not include 'null' or 'undefined' in its type, therefore the '?.' operator can be replaced with the '.' operator. Find more at https://v21.angular.dev/extended-diagnostics/NG8107[0m [1m[35m[plugin angular-compiler][0m

    src/app/canvas/canvas.component.html:520:25:
[37m      520 │       <div *ngIf="cards?.[32mlength[37m" class="canvas-pagination">
          ╵                          [32m~~~~~~[0m

  Warning occurs in the template of component CanvasComponent.

    src/app/canvas/canvas.component.ts:37:15:
[37m      37 │   templateUrl: [32m'./canvas.component.html'[37m,
         ╵                [32m~~~~~~~~~~~~~~~~~~~~~~~~~[0m


[33m▲ [43;33m[[43;30mWARNING[43;33m][0m [1mNG8113: CanvasComponent is not used within the template of WidgetComponent[0m [1m[35m[plugin angular-compiler][0m

    src/app/widget/widget.component.ts:48:41:
[37m      48 │ ...orts: [CommonModule, ChatComponent, [32mCanvasComponent[37m, SafeSvgPipe],
         ╵                                        [32m~~~~~~~~~~~~~~~[0m


[33m▲ [43;33m[[43;30mWARNING[43;33m][0m [1mNG8107: NG8107: The left side of this optional chain operation does not include 'null' or 'undefined' in its type, therefore the '?.' operator can be replaced with the '.' operator. Find more at https://v21.angular.dev/extended-diagnostics/NG8107[0m [1m[35m[plugin angular-compiler][0m

    src/app/widget/widget.component.ts:64:47:
[37m      64 │                  [class.is-thinking]="chatRef?.[32misLoading[37m"
         ╵                                                [32m~~~~~~~~~[0m


[33m▲ [43;33m[[43;30mWARNING[43;33m][0m [1mNG8107: NG8107: The left side of this optional chain operation does not include 'null' or 'undefined' in its type, therefore the '?.' operator can be replaced with the '.' operator. Find more at https://v21.angular.dev/extended-diagnostics/NG8107[0m [1m[35m[plugin angular-compiler][0m

    src/app/widget/widget.component.ts:65:47:
[37m      65 │ ...   [class.is-speaking]="chatRef?.[32mautoSpeak[37m && chatRef?.isSpeaking"
         ╵                                     [32m~~~~~~~~~[0m


[33m▲ [43;33m[[43;30mWARNING[43;33m][0m [1mNG8107: NG8107: The left side of this optional chain operation does not include 'null' or 'undefined' in its type, therefore the '?.' operator can be replaced with the '.' operator. Find more at https://v21.angular.dev/extended-diagnostics/NG8107[0m [1m[35m[plugin angular-compiler][0m

    src/app/widget/widget.component.ts:65:69:
[37m      65 │ ...   [class.is-speaking]="chatRef?.autoSpeak && chatRef?.[32misSpeaking[37m"
         ╵                                                           [32m~~~~~~~~~~[0m


[33m▲ [43;33m[[43;30mWARNING[43;33m][0m [1mNG8107: NG8107: The left side of this optional chain operation does not include 'null' or 'undefined' in its type, therefore the '?.' operator can be replaced with the '.' operator. Find more at https://v21.angular.dev/extended-diagnostics/NG8107[0m [1m[35m[plugin angular-compiler][0m

    src/app/widget/widget.component.ts:69:58:
[37m      69 │ ...s="boerdi-status" *ngIf="chatRef?.[32misLoading[37m">denkt nach …</span>
         ╵                                      [32m~~~~~~~~~[0m


[33m▲ [43;33m[[43;30mWARNING[43;33m][0m [1mNG8107: NG8107: The left side of this optional chain operation does not include 'null' or 'undefined' in its type, therefore the '?.' operator can be replaced with the '.' operator. Find more at https://v21.angular.dev/extended-diagnostics/NG8107[0m [1m[35m[plugin angular-compiler][0m

    src/app/widget/widget.component.ts:70:59:
[37m      70 │ ...i-status" *ngIf="!chatRef?.[32misLoading[37m && chatRef?.autoSpeak && c...
         ╵                               [32m~~~~~~~~~[0m


[33m▲ [43;33m[[43;30mWARNING[43;33m][0m [1mNG8107: NG8107: The left side of this optional chain operation does not include 'null' or 'undefined' in its type, therefore the '?.' operator can be replaced with the '.' operator. Find more at https://v21.angular.dev/extended-diagnostics/NG8107[0m [1m[35m[plugin angular-compiler][0m

    src/app/widget/widget.component.ts:70:81:
[37m      70 │ ...Ref?.isLoading && chatRef?.[32mautoSpeak[37m && chatRef?.isSpeaking">sp...
         ╵                               [32m~~~~~~~~~[0m


[33m▲ [43;33m[[43;30mWARNING[43;33m][0m [1mNG8107: NG8107: The left side of this optional chain operation does not include 'null' or 'undefined' in its type, therefore the '?.' operator can be replaced with the '.' operator. Find more at https://v21.angular.dev/extended-diagnostics/NG8107[0m [1m[35m[plugin angular-compiler][0m

    src/app/widget/widget.component.ts:70:103:
[37m      70 │ ...g && chatRef?.autoSpeak && chatRef?.[32misSpeaking[37m">spricht …</span>
         ╵                                        [32m~~~~~~~~~~[0m


[33m▲ [43;33m[[43;30mWARNING[43;33m][0m [1mNG8107: NG8107: The left side of this optional chain operation does not include 'null' or 'undefined' in its type, therefore the '?.' operator can be replaced with the '.' operator. Find more at https://v21.angular.dev/extended-diagnostics/NG8107[0m [1m[35m[plugin angular-compiler][0m

    src/app/widget/widget.component.ts:82:36:
[37m      82 │             <button *ngIf="chatRef?.[32mlanguageButtonsVisible[37m"
         ╵                                     [32m~~~~~~~~~~~~~~~~~~~~~~[0m


[33m▲ [43;33m[[43;30mWARNING[43;33m][0m [1mNG8107: NG8107: The left side of this optional chain operation does not include 'null' or 'undefined' in its type, therefore the '?.' operator can be replaced with the '.' operator. Find more at https://v21.angular.dev/extended-diagnostics/NG8107[0m [1m[35m[plugin angular-compiler][0m

    src/app/widget/widget.component.ts:84:44:
[37m      84 │                     [class.is-on]="chatRef?.[32mautoSpeak[37m"
         ╵                                             [32m~~~~~~~~~[0m


[33m▲ [43;33m[[43;30mWARNING[43;33m][0m [1mNG8107: NG8107: The left side of this optional chain operation does not include 'null' or 'undefined' in its type, therefore the '?.' operator can be replaced with the '.' operator. Find more at https://v21.angular.dev/extended-diagnostics/NG8107[0m [1m[35m[plugin angular-compiler][0m

    src/app/widget/widget.component.ts:85:46:
[37m      85 │                     [class.is-off]="!chatRef?.[32mautoSpeak[37m"
         ╵                                               [32m~~~~~~~~~[0m


[33m▲ [43;33m[[43;30mWARNING[43;33m][0m [1mNG8107: NG8107: The left side of this optional chain operation does not include 'null' or 'undefined' in its type, therefore the '?.' operator can be replaced with the '.' operator. Find more at https://v21.angular.dev/extended-diagnostics/NG8107[0m [1m[35m[plugin angular-compiler][0m

    src/app/widget/widget.component.ts:86:38:
[37m      86 │                     (click)="chatRef?.[32mtoggleAutoSpeak[37m()"
         ╵                                       [32m~~~~~~~~~~~~~~~[0m


[33m▲ [43;33m[[43;30mWARNING[43;33m][0m [1mNG8107: NG8107: The left side of this optional chain operation does not include 'null' or 'undefined' in its type, therefore the '?.' operator can be replaced with the '.' operator. Find more at https://v21.angular.dev/extended-diagnostics/NG8107[0m [1m[35m[plugin angular-compiler][0m

    src/app/widget/widget.component.ts:87:38:
[37m      87 │ ...         [title]="chatRef?.[32mautoSpeak[37m ? 'Sprachausgabe aus' : 'S...
         ╵                               [32m~~~~~~~~~[0m


[33m▲ [43;33m[[43;30mWARNING[43;33m][0m [1mNG8107: NG8107: The left side of this optional chain operation does not include 'null' or 'undefined' in its type, therefore the '?.' operator can be replaced with the '.' operator. Find more at https://v21.angular.dev/extended-diagnostics/NG8107[0m [1m[35m[plugin angular-compiler][0m

    src/app/widget/widget.component.ts:89:43:
[37m      89 │ ...    [innerHTML]="(chatRef?.[32mautoSpeak[37m ? ICONS.volume_up : ICONS....
         ╵                               [32m~~~~~~~~~[0m


[33m▲ [43;33m[[43;30mWARNING[43;33m][0m [1mNG8107: NG8107: The left side of this optional chain operation does not include 'null' or 'undefined' in its type, therefore the '?.' operator can be replaced with the '.' operator. Find more at https://v21.angular.dev/extended-diagnostics/NG8107[0m [1m[35m[plugin angular-compiler][0m

    src/app/widget/widget.component.ts:91:36:
[37m      91 │             <button *ngIf="chatRef?.[32mdebugButtonVisible[37m"
         ╵                                     [32m~~~~~~~~~~~~~~~~~~[0m


[33m▲ [43;33m[[43;30mWARNING[43;33m][0m [1mNG8107: NG8107: The left side of this optional chain operation does not include 'null' or 'undefined' in its type, therefore the '?.' operator can be replaced with the '.' operator. Find more at https://v21.angular.dev/extended-diagnostics/NG8107[0m [1m[35m[plugin angular-compiler][0m

    src/app/widget/widget.component.ts:93:44:
[37m      93 │                     [class.is-on]="chatRef?.[32mshowDebug[37m"
         ╵                                             [32m~~~~~~~~~[0m


[33m▲ [43;33m[[43;30mWARNING[43;33m][0m [1mNG8107: NG8107: The left side of this optional chain operation does not include 'null' or 'undefined' in its type, therefore the '?.' operator can be replaced with the '.' operator. Find more at https://v21.angular.dev/extended-diagnostics/NG8107[0m [1m[35m[plugin angular-compiler][0m

    src/app/widget/widget.component.ts:94:46:
[37m      94 │                     [class.is-off]="!chatRef?.[32mshowDebug[37m"
         ╵                                               [32m~~~~~~~~~[0m


[33m▲ [43;33m[[43;30mWARNING[43;33m][0m [1mNG8107: NG8107: The left side of this optional chain operation does not include 'null' or 'undefined' in its type, therefore the '?.' operator can be replaced with the '.' operator. Find more at https://v21.angular.dev/extended-diagnostics/NG8107[0m [1m[35m[plugin angular-compiler][0m

    src/app/widget/widget.component.ts:95:38:
[37m      95 │                     (click)="chatRef?.[32mtoggleDebug[37m()"
         ╵                                       [32m~~~~~~~~~~~[0m


[33m▲ [43;33m[[43;30mWARNING[43;33m][0m [1mNG8107: NG8107: The left side of this optional chain operation does not include 'null' or 'undefined' in its type, therefore the '?.' operator can be replaced with the '.' operator. Find more at https://v21.angular.dev/extended-diagnostics/NG8107[0m [1m[35m[plugin angular-compiler][0m

    src/app/widget/widget.component.ts:96:38:
[37m      96 │ ...          [title]="chatRef?.[32mshowDebug[37m ? 'Debug aus' : 'Debug an'">
         ╵                                [32m~~~~~~~~~[0m


[33m▲ [43;33m[[43;30mWARNING[43;33m][0m [1mNG8107: NG8107: The left side of this optional chain operation does not include 'null' or 'undefined' in its type, therefore the '?.' operator can be replaced with the '.' operator. Find more at https://v21.angular.dev/extended-diagnostics/NG8107[0m [1m[35m[plugin angular-compiler][0m

    src/app/widget/widget.component.ts:103:38:
[37m      103 │                     (click)="chatRef?.[32mrestart[37m()"
          ╵                                       [32m~~~~~~~[0m

[39m[22m
[1m[33m[33m▲ [43;33m[[43;30mWARNING[43;33m][0m [1mNG8107: NG8107: The left side of this optional chain operation does not include 'null' or 'undefined' in its type, therefore the '?.' operator can be replaced with the '.' operator. Find more at https://v21.angular.dev/extended-diagnostics/NG8107[0m [1m[35m[plugin angular-compiler][0m

    src/app/canvas/canvas.component.html:37:63:
[37m      37 │ ...an class="count" *ngIf="cards?.[32mlength[37m">({{ cards.length }})</span>
         ╵                                   [32m~~~~~~[0m

  Warning occurs in the template of component CanvasComponent.

    src/app/canvas/canvas.component.ts:37:15:
[37m      37 │   templateUrl: [32m'./canvas.component.html'[37m,
         ╵                [32m~~~~~~~~~~~~~~~~~~~~~~~~~[0m


[33m▲ [43;33m[[43;30mWARNING[43;33m][0m [1mNG8107: NG8107: The left side of this optional chain operation does not include 'null' or 'undefined' in its type, therefore the '?.' operator can be replaced with the '.' operator. Find more at https://v21.angular.dev/extended-diagnostics/NG8107[0m [1m[35m[plugin angular-compiler][0m

    src/app/canvas/canvas.component.html:200:72:
[37m      200 │ ... Tab öffnen' + (previewCard?[32m.titl[37me ? ': ' + previewCard.title...
          ╵                                [32m~~~~~[0m

  Warning occurs in the template of component CanvasComponent.

    src/app/canvas/canvas.component.ts:37:15:
[37m      37 │   templateUrl: [32m'./canvas.component.html'[37m,
         ╵                [32m~~~~~~~~~~~~~~~~~~~~~~~~~[0m


[33m▲ [43;33m[[43;30mWARNING[43;33m][0m [1mNG8107: NG8107: The left side of this optional chain operation does not include 'null' or 'undefined' in its type, therefore the '?.' operator can be replaced with the '.' operator. Find more at https://v21.angular.dev/extended-diagnostics/NG8107[0m [1m[35m[plugin angular-compiler][0m

    src/app/canvas/canvas.component.html:511:26:
[37m      511 │       <div *ngIf="!cards?.[32mlength[37m" class="canvas-empty">
          ╵                           [32m~~~~~~[0m

  Warning occurs in the template of component CanvasComponent.

    src/app/canvas/canvas.component.ts:37:15:
[37m      37 │   templateUrl: [32m'./canvas.component.html'[37m,
         ╵                [32m~~~~~~~~~~~~~~~~~~~~~~~~~[0m


[33m▲ [43;33m[[43;30mWARNING[43;33m][0m [1mNG8107: NG8107: The left side of this optional chain operation does not include 'null' or 'undefined' in its type, therefore the '?.' operator can be replaced with the '.' operator. Find more at https://v21.angular.dev/extended-diagnostics/NG8107[0m [1m[35m[plugin angular-compiler][0m

    src/app/canvas/canvas.component.html:520:25:
[37m      520 │       <div *ngIf="cards?.[32mlength[37m" class="canvas-pagination">
          ╵                          [32m~~~~~~[0m

  Warning occurs in the template of component CanvasComponent.

    src/app/canvas/canvas.component.ts:37:15:
[37m      37 │   templateUrl: [32m'./canvas.component.html'[37m,
         ╵                [32m~~~~~~~~~~~~~~~~~~~~~~~~~[0m


[33m▲ [43;33m[[43;30mWARNING[43;33m][0m [1mNG8107: NG8107: The left side of this optional chain operation does not include 'null' or 'undefined' in its type, therefore the '?.' operator can be replaced with the '.' operator. Find more at https://v21.angular.dev/extended-diagnostics/NG8107[0m [1m[35m[plugin angular-compiler][0m

    src/app/chat/chat.component.html:148:58:
[37m      148 │           <div class="result-groups" *ngIf="tp.swimlanes?.[32mlength[37m">
          ╵                                                           [32m~~~~~~[0m

  Warning occurs in the template of component ChatComponent.

    src/app/chat/chat.component.ts:126:15:
[37m      126 │   templateUrl: [32m'./chat.component.html'[37m,
          ╵                [32m~~~~~~~~~~~~~~~~~~~~~~~[0m


[33m▲ [43;33m[[43;30mWARNING[43;33m][0m [1mNG8113: CanvasComponent is not used within the template of WidgetComponent[0m [1m[35m[plugin angular-compiler][0m

    src/app/widget/widget.component.ts:48:41:
[37m      48 │ ...orts: [CommonModule, ChatComponent, [32mCanvasComponent[37m, SafeSvgPipe],
         ╵                                        [32m~~~~~~~~~~~~~~~[0m


[33m▲ [43;33m[[43;30mWARNING[43;33m][0m [1mNG8107: NG8107: The left side of this optional chain operation does not include 'null' or 'undefined' in its type, therefore the '?.' operator can be replaced with the '.' operator. Find more at https://v21.angular.dev/extended-diagnostics/NG8107[0m [1m[35m[plugin angular-compiler][0m

    src/app/widget/widget.component.ts:64:47:
[37m      64 │                  [class.is-thinking]="chatRef?.[32misLoading[37m"
         ╵                                                [32m~~~~~~~~~[0m


[33m▲ [43;33m[[43;30mWARNING[43;33m][0m [1mNG8107: NG8107: The left side of this optional chain operation does not include 'null' or 'undefined' in its type, therefore the '?.' operator can be replaced with the '.' operator. Find more at https://v21.angular.dev/extended-diagnostics/NG8107[0m [1m[35m[plugin angular-compiler][0m

    src/app/widget/widget.component.ts:65:47:
[37m      65 │ ...   [class.is-speaking]="chatRef?.[32mautoSpeak[37m && chatRef?.isSpeaking"
         ╵                                     [32m~~~~~~~~~[0m


[33m▲ [43;33m[[43;30mWARNING[43;33m][0m [1mNG8107: NG8107: The left side of this optional chain operation does not include 'null' or 'undefined' in its type, therefore the '?.' operator can be replaced with the '.' operator. Find more at https://v21.angular.dev/extended-diagnostics/NG8107[0m [1m[35m[plugin angular-compiler][0m

    src/app/widget/widget.component.ts:65:69:
[37m      65 │ ...   [class.is-speaking]="chatRef?.autoSpeak && chatRef?.[32misSpeaking[37m"
         ╵                                                           [32m~~~~~~~~~~[0m


[33m▲ [43;33m[[43;30mWARNING[43;33m][0m [1mNG8107: NG8107: The left side of this optional chain operation does not include 'null' or 'undefined' in its type, therefore the '?.' operator can be replaced with the '.' operator. Find more at https://v21.angular.dev/extended-diagnostics/NG8107[0m [1m[35m[plugin angular-compiler][0m

    src/app/widget/widget.component.ts:69:58:
[37m      69 │ ...s="boerdi-status" *ngIf="chatRef?.[32misLoading[37m">denkt nach …</span>
         ╵                                      [32m~~~~~~~~~[0m


[33m▲ [43;33m[[43;30mWARNING[43;33m][0m [1mNG8107: NG8107: The left side of this optional chain operation does not include 'null' or 'undefined' in its type, therefore the '?.' operator can be replaced with the '.' operator. Find more at https://v21.angular.dev/extended-diagnostics/NG8107[0m [1m[35m[plugin angular-compiler][0m

    src/app/widget/widget.component.ts:70:59:
[37m      70 │ ...i-status" *ngIf="!chatRef?.[32misLoading[37m && chatRef?.autoSpeak && c...
         ╵                               [32m~~~~~~~~~[0m


[33m▲ [43;33m[[43;30mWARNING[43;33m][0m [1mNG8107: NG8107: The left side of this optional chain operation does not include 'null' or 'undefined' in its type, therefore the '?.' operator can be replaced with the '.' operator. Find more at https://v21.angular.dev/extended-diagnostics/NG8107[0m [1m[35m[plugin angular-compiler][0m

    src/app/widget/widget.component.ts:70:81:
[37m      70 │ ...Ref?.isLoading && chatRef?.[32mautoSpeak[37m && chatRef?.isSpeaking">sp...
         ╵                               [32m~~~~~~~~~[0m


[33m▲ [43;33m[[43;30mWARNING[43;33m][0m [1mNG8107: NG8107: The left side of this optional chain operation does not include 'null' or 'undefined' in its type, therefore the '?.' operator can be replaced with the '.' operator. Find more at https://v21.angular.dev/extended-diagnostics/NG8107[0m [1m[35m[plugin angular-compiler][0m

    src/app/widget/widget.component.ts:70:103:
[37m      70 │ ...g && chatRef?.autoSpeak && chatRef?.[32misSpeaking[37m">spricht …</span>
         ╵                                        [32m~~~~~~~~~~[0m


[33m▲ [43;33m[[43;30mWARNING[43;33m][0m [1mNG8107: NG8107: The left side of this optional chain operation does not include 'null' or 'undefined' in its type, therefore the '?.' operator can be replaced with the '.' operator. Find more at https://v21.angular.dev/extended-diagnostics/NG8107[0m [1m[35m[plugin angular-compiler][0m

    src/app/widget/widget.component.ts:82:36:
[37m      82 │             <button *ngIf="chatRef?.[32mlanguageButtonsVisible[37m"
         ╵                                     [32m~~~~~~~~~~~~~~~~~~~~~~[0m


[33m▲ [43;33m[[43;30mWARNING[43;33m][0m [1mNG8107: NG8107: The left side of this optional chain operation does not include 'null' or 'undefined' in its type, therefore the '?.' operator can be replaced with the '.' operator. Find more at https://v21.angular.dev/extended-diagnostics/NG8107[0m [1m[35m[plugin angular-compiler][0m

    src/app/widget/widget.component.ts:84:44:
[37m      84 │                     [class.is-on]="chatRef?.[32mautoSpeak[37m"
         ╵                                             [32m~~~~~~~~~[0m


[33m▲ [43;33m[[43;30mWARNING[43;33m][0m [1mNG8107: NG8107: The left side of this optional chain operation does not include 'null' or 'undefined' in its type, therefore the '?.' operator can be replaced with the '.' operator. Find more at https://v21.angular.dev/extended-diagnostics/NG8107[0m [1m[35m[plugin angular-compiler][0m

    src/app/widget/widget.component.ts:85:46:
[37m      85 │                     [class.is-off]="!chatRef?.[32mautoSpeak[37m"
         ╵                                               [32m~~~~~~~~~[0m


[33m▲ [43;33m[[43;30mWARNING[43;33m][0m [1mNG8107: NG8107: The left side of this optional chain operation does not include 'null' or 'undefined' in its type, therefore the '?.' operator can be replaced with the '.' operator. Find more at https://v21.angular.dev/extended-diagnostics/NG8107[0m [1m[35m[plugin angular-compiler][0m

    src/app/widget/widget.component.ts:86:38:
[37m      86 │                     (click)="chatRef?.[32mtoggleAutoSpeak[37m()"
         ╵                                       [32m~~~~~~~~~~~~~~~[0m


[33m▲ [43;33m[[43;30mWARNING[43;33m][0m [1mNG8107: NG8107: The left side of this optional chain operation does not include 'null' or 'undefined' in its type, therefore the '?.' operator can be replaced with the '.' operator. Find more at https://v21.angular.dev/extended-diagnostics/NG8107[0m [1m[35m[plugin angular-compiler][0m

    src/app/widget/widget.component.ts:87:38:
[37m      87 │ ...         [title]="chatRef?.[32mautoSpeak[37m ? 'Sprachausgabe aus' : 'S...
         ╵                               [32m~~~~~~~~~[0m


[33m▲ [43;33m[[43;30mWARNING[43;33m][0m [1mNG8107: NG8107: The left side of this optional chain operation does not include 'null' or 'undefined' in its type, therefore the '?.' operator can be replaced with the '.' operator. Find more at https://v21.angular.dev/extended-diagnostics/NG8107[0m [1m[35m[plugin angular-compiler][0m

    src/app/widget/widget.component.ts:89:43:
[37m      89 │ ...    [innerHTML]="(chatRef?.[32mautoSpeak[37m ? ICONS.volume_up : ICONS....
         ╵                               [32m~~~~~~~~~[0m


[33m▲ [43;33m[[43;30mWARNING[43;33m][0m [1mNG8107: NG8107: The left side of this optional chain operation does not include 'null' or 'undefined' in its type, therefore the '?.' operator can be replaced with the '.' operator. Find more at https://v21.angular.dev/extended-diagnostics/NG8107[0m [1m[35m[plugin angular-compiler][0m

    src/app/widget/widget.component.ts:91:36:
[37m      91 │             <button *ngIf="chatRef?.[32mdebugButtonVisible[37m"
         ╵                                     [32m~~~~~~~~~~~~~~~~~~[0m


[33m▲ [43;33m[[43;30mWARNING[43;33m][0m [1mNG8107: NG8107: The left side of this optional chain operation does not include 'null' or 'undefined' in its type, therefore the '?.' operator can be replaced with the '.' operator. Find more at https://v21.angular.dev/extended-diagnostics/NG8107[0m [1m[35m[plugin angular-compiler][0m

    src/app/widget/widget.component.ts:93:44:
[37m      93 │                     [class.is-on]="chatRef?.[32mshowDebug[37m"
         ╵                                             [32m~~~~~~~~~[0m


[33m▲ [43;33m[[43;30mWARNING[43;33m][0m [1mNG8107: NG8107: The left side of this optional chain operation does not include 'null' or 'undefined' in its type, therefore the '?.' operator can be replaced with the '.' operator. Find more at https://v21.angular.dev/extended-diagnostics/NG8107[0m [1m[35m[plugin angular-compiler][0m

    src/app/widget/widget.component.ts:94:46:
[37m      94 │                     [class.is-off]="!chatRef?.[32mshowDebug[37m"
         ╵                                               [32m~~~~~~~~~[0m


[33m▲ [43;33m[[43;30mWARNING[43;33m][0m [1mNG8107: NG8107: The left side of this optional chain operation does not include 'null' or 'undefined' in its type, therefore the '?.' operator can be replaced with the '.' operator. Find more at https://v21.angular.dev/extended-diagnostics/NG8107[0m [1m[35m[plugin angular-compiler][0m

    src/app/widget/widget.component.ts:95:38:
[37m      95 │                     (click)="chatRef?.[32mtoggleDebug[37m()"
         ╵                                       [32m~~~~~~~~~~~[0m


[33m▲ [43;33m[[43;30mWARNING[43;33m][0m [1mNG8107: NG8107: The left side of this optional chain operation does not include 'null' or 'undefined' in its type, therefore the '?.' operator can be replaced with the '.' operator. Find more at https://v21.angular.dev/extended-diagnostics/NG8107[0m [1m[35m[plugin angular-compiler][0m

    src/app/widget/widget.component.ts:96:38:
[37m      96 │ ...          [title]="chatRef?.[32mshowDebug[37m ? 'Debug aus' : 'Debug an'">
         ╵                                [32m~~~~~~~~~[0m


[33m▲ [43;33m[[43;30mWARNING[43;33m][0m [1mNG8107: NG8107: The left side of this optional chain operation does not include 'null' or 'undefined' in its type, therefore the '?.' operator can be replaced with the '.' operator. Find more at https://v21.angular.dev/extended-diagnostics/NG8107[0m [1m[35m[plugin angular-compiler][0m

    src/app/widget/widget.component.ts:103:38:
[37m      103 │                     (click)="chatRef?.[32mrestart[37m()"
          ╵                                       [32m~~~~~~~[0m

[39m[22m
[1m[33m[33m▲ [43;33m[[43;30mWARNING[43;33m][0m [1mNG8107: NG8107: The left side of this optional chain operation does not include 'null' or 'undefined' in its type, therefore the '?.' operator can be replaced with the '.' operator. Find more at https://v21.angular.dev/extended-diagnostics/NG8107[0m [1m[35m[plugin angular-compiler][0m

    src/app/canvas/canvas.component.html:37:63:
[37m      37 │ ...an class="count" *ngIf="cards?.[32mlength[37m">({{ cards.length }})</span>
         ╵                                   [32m~~~~~~[0m

  Warning occurs in the template of component CanvasComponent.

    src/app/canvas/canvas.component.ts:37:15:
[37m      37 │   templateUrl: [32m'./canvas.component.html'[37m,
         ╵                [32m~~~~~~~~~~~~~~~~~~~~~~~~~[0m


[33m▲ [43;33m[[43;30mWARNING[43;33m][0m [1mNG8107: NG8107: The left side of this optional chain operation does not include 'null' or 'undefined' in its type, therefore the '?.' operator can be replaced with the '.' operator. Find more at https://v21.angular.dev/extended-diagnostics/NG8107[0m [1m[35m[plugin angular-compiler][0m

    src/app/canvas/canvas.component.html:200:72:
[37m      200 │ ... Tab öffnen' + (previewCard?[32m.titl[37me ? ': ' + previewCard.title...
          ╵                                [32m~~~~~[0m

  Warning occurs in the template of component CanvasComponent.

    src/app/canvas/canvas.component.ts:37:15:
[37m      37 │   templateUrl: [32m'./canvas.component.html'[37m,
         ╵                [32m~~~~~~~~~~~~~~~~~~~~~~~~~[0m


[33m▲ [43;33m[[43;30mWARNING[43;33m][0m [1mNG8107: NG8107: The left side of this optional chain operation does not include 'null' or 'undefined' in its type, therefore the '?.' operator can be replaced with the '.' operator. Find more at https://v21.angular.dev/extended-diagnostics/NG8107[0m [1m[35m[plugin angular-compiler][0m

    src/app/canvas/canvas.component.html:511:26:
[37m      511 │       <div *ngIf="!cards?.[32mlength[37m" class="canvas-empty">
          ╵                           [32m~~~~~~[0m

  Warning occurs in the template of component CanvasComponent.

    src/app/canvas/canvas.component.ts:37:15:
[37m      37 │   templateUrl: [32m'./canvas.component.html'[37m,
         ╵                [32m~~~~~~~~~~~~~~~~~~~~~~~~~[0m


[33m▲ [43;33m[[43;30mWARNING[43;33m][0m [1mNG8107: NG8107: The left side of this optional chain operation does not include 'null' or 'undefined' in its type, therefore the '?.' operator can be replaced with the '.' operator. Find more at https://v21.angular.dev/extended-diagnostics/NG8107[0m [1m[35m[plugin angular-compiler][0m

    src/app/canvas/canvas.component.html:520:25:
[37m      520 │       <div *ngIf="cards?.[32mlength[37m" class="canvas-pagination">
          ╵                          [32m~~~~~~[0m

  Warning occurs in the template of component CanvasComponent.

    src/app/canvas/canvas.component.ts:37:15:
[37m      37 │   templateUrl: [32m'./canvas.component.html'[37m,
         ╵                [32m~~~~~~~~~~~~~~~~~~~~~~~~~[0m


[33m▲ [43;33m[[43;30mWARNING[43;33m][0m [1mNG8107: NG8107: The left side of this optional chain operation does not include 'null' or 'undefined' in its type, therefore the '?.' operator can be replaced with the '.' operator. Find more at https://v21.angular.dev/extended-diagnostics/NG8107[0m [1m[35m[plugin angular-compiler][0m

    src/app/chat/chat.component.html:148:58:
[37m      148 │           <div class="result-groups" *ngIf="tp.swimlanes?.[32mlength[37m">
          ╵                                                           [32m~~~~~~[0m

  Warning occurs in the template of component ChatComponent.

    src/app/chat/chat.component.ts:126:15:
[37m      126 │   templateUrl: [32m'./chat.component.html'[37m,
          ╵                [32m~~~~~~~~~~~~~~~~~~~~~~~[0m


[33m▲ [43;33m[[43;30mWARNING[43;33m][0m [1mNG8113: CanvasComponent is not used within the template of WidgetComponent[0m [1m[35m[plugin angular-compiler][0m

    src/app/widget/widget.component.ts:48:41:
[37m      48 │ ...orts: [CommonModule, ChatComponent, [32mCanvasComponent[37m, SafeSvgPipe],
         ╵                                        [32m~~~~~~~~~~~~~~~[0m


[33m▲ [43;33m[[43;30mWARNING[43;33m][0m [1mNG8107: NG8107: The left side of this optional chain operation does not include 'null' or 'undefined' in its type, therefore the '?.' operator can be replaced with the '.' operator. Find more at https://v21.angular.dev/extended-diagnostics/NG8107[0m [1m[35m[plugin angular-compiler][0m

    src/app/widget/widget.component.ts:64:47:
[37m      64 │                  [class.is-thinking]="chatRef?.[32misLoading[37m"
         ╵                                                [32m~~~~~~~~~[0m


[33m▲ [43;33m[[43;30mWARNING[43;33m][0m [1mNG8107: NG8107: The left side of this optional chain operation does not include 'null' or 'undefined' in its type, therefore the '?.' operator can be replaced with the '.' operator. Find more at https://v21.angular.dev/extended-diagnostics/NG8107[0m [1m[35m[plugin angular-compiler][0m

    src/app/widget/widget.component.ts:65:47:
[37m      65 │ ...   [class.is-speaking]="chatRef?.[32mautoSpeak[37m && chatRef?.isSpeaking"
         ╵                                     [32m~~~~~~~~~[0m


[33m▲ [43;33m[[43;30mWARNING[43;33m][0m [1mNG8107: NG8107: The left side of this optional chain operation does not include 'null' or 'undefined' in its type, therefore the '?.' operator can be replaced with the '.' operator. Find more at https://v21.angular.dev/extended-diagnostics/NG8107[0m [1m[35m[plugin angular-compiler][0m

    src/app/widget/widget.component.ts:65:69:
[37m      65 │ ...   [class.is-speaking]="chatRef?.autoSpeak && chatRef?.[32misSpeaking[37m"
         ╵                                                           [32m~~~~~~~~~~[0m


[33m▲ [43;33m[[43;30mWARNING[43;33m][0m [1mNG8107: NG8107: The left side of this optional chain operation does not include 'null' or 'undefined' in its type, therefore the '?.' operator can be replaced with the '.' operator. Find more at https://v21.angular.dev/extended-diagnostics/NG8107[0m [1m[35m[plugin angular-compiler][0m

    src/app/widget/widget.component.ts:69:58:
[37m      69 │ ...s="boerdi-status" *ngIf="chatRef?.[32misLoading[37m">denkt nach …</span>
         ╵                                      [32m~~~~~~~~~[0m


[33m▲ [43;33m[[43;30mWARNING[43;33m][0m [1mNG8107: NG8107: The left side of this optional chain operation does not include 'null' or 'undefined' in its type, therefore the '?.' operator can be replaced with the '.' operator. Find more at https://v21.angular.dev/extended-diagnostics/NG8107[0m [1m[35m[plugin angular-compiler][0m

    src/app/widget/widget.component.ts:70:59:
[37m      70 │ ...i-status" *ngIf="!chatRef?.[32misLoading[37m && chatRef?.autoSpeak && c...
         ╵                               [32m~~~~~~~~~[0m


[33m▲ [43;33m[[43;30mWARNING[43;33m][0m [1mNG8107: NG8107: The left side of this optional chain operation does not include 'null' or 'undefined' in its type, therefore the '?.' operator can be replaced with the '.' operator. Find more at https://v21.angular.dev/extended-diagnostics/NG8107[0m [1m[35m[plugin angular-compiler][0m

    src/app/widget/widget.component.ts:70:81:
[37m      70 │ ...Ref?.isLoading && chatRef?.[32mautoSpeak[37m && chatRef?.isSpeaking">sp...
         ╵                               [32m~~~~~~~~~[0m


[33m▲ [43;33m[[43;30mWARNING[43;33m][0m [1mNG8107: NG8107: The left side of this optional chain operation does not include 'null' or 'undefined' in its type, therefore the '?.' operator can be replaced with the '.' operator. Find more at https://v21.angular.dev/extended-diagnostics/NG8107[0m [1m[35m[plugin angular-compiler][0m

    src/app/widget/widget.component.ts:70:103:
[37m      70 │ ...g && chatRef?.autoSpeak && chatRef?.[32misSpeaking[37m">spricht …</span>
         ╵                                        [32m~~~~~~~~~~[0m


[33m▲ [43;33m[[43;30mWARNING[43;33m][0m [1mNG8107: NG8107: The left side of this optional chain operation does not include 'null' or 'undefined' in its type, therefore the '?.' operator can be replaced with the '.' operator. Find more at https://v21.angular.dev/extended-diagnostics/NG8107[0m [1m[35m[plugin angular-compiler][0m

    src/app/widget/widget.component.ts:82:36:
[37m      82 │             <button *ngIf="chatRef?.[32mlanguageButtonsVisible[37m"
         ╵                                     [32m~~~~~~~~~~~~~~~~~~~~~~[0m


[33m▲ [43;33m[[43;30mWARNING[43;33m][0m [1mNG8107: NG8107: The left side of this optional chain operation does not include 'null' or 'undefined' in its type, therefore the '?.' operator can be replaced with the '.' operator. Find more at https://v21.angular.dev/extended-diagnostics/NG8107[0m [1m[35m[plugin angular-compiler][0m

    src/app/widget/widget.component.ts:84:44:
[37m      84 │                     [class.is-on]="chatRef?.[32mautoSpeak[37m"
         ╵                                             [32m~~~~~~~~~[0m


[33m▲ [43;33m[[43;30mWARNING[43;33m][0m [1mNG8107: NG8107: The left side of this optional chain operation does not include 'null' or 'undefined' in its type, therefore the '?.' operator can be replaced with the '.' operator. Find more at https://v21.angular.dev/extended-diagnostics/NG8107[0m [1m[35m[plugin angular-compiler][0m

    src/app/widget/widget.component.ts:85:46:
[37m      85 │                     [class.is-off]="!chatRef?.[32mautoSpeak[37m"
         ╵                                               [32m~~~~~~~~~[0m


[33m▲ [43;33m[[43;30mWARNING[43;33m][0m [1mNG8107: NG8107: The left side of this optional chain operation does not include 'null' or 'undefined' in its type, therefore the '?.' operator can be replaced with the '.' operator. Find more at https://v21.angular.dev/extended-diagnostics/NG8107[0m [1m[35m[plugin angular-compiler][0m

    src/app/widget/widget.component.ts:86:38:
[37m      86 │                     (click)="chatRef?.[32mtoggleAutoSpeak[37m()"
         ╵                                       [32m~~~~~~~~~~~~~~~[0m


[33m▲ [43;33m[[43;30mWARNING[43;33m][0m [1mNG8107: NG8107: The left side of this optional chain operation does not include 'null' or 'undefined' in its type, therefore the '?.' operator can be replaced with the '.' operator. Find more at https://v21.angular.dev/extended-diagnostics/NG8107[0m [1m[35m[plugin angular-compiler][0m

    src/app/widget/widget.component.ts:87:38:
[37m      87 │ ...         [title]="chatRef?.[32mautoSpeak[37m ? 'Sprachausgabe aus' : 'S...
         ╵                               [32m~~~~~~~~~[0m


[33m▲ [43;33m[[43;30mWARNING[43;33m][0m [1mNG8107: NG8107: The left side of this optional chain operation does not include 'null' or 'undefined' in its type, therefore the '?.' operator can be replaced with the '.' operator. Find more at https://v21.angular.dev/extended-diagnostics/NG8107[0m [1m[35m[plugin angular-compiler][0m

    src/app/widget/widget.component.ts:89:43:
[37m      89 │ ...    [innerHTML]="(chatRef?.[32mautoSpeak[37m ? ICONS.volume_up : ICONS....
         ╵                               [32m~~~~~~~~~[0m


[33m▲ [43;33m[[43;30mWARNING[43;33m][0m [1mNG8107: NG8107: The left side of this optional chain operation does not include 'null' or 'undefined' in its type, therefore the '?.' operator can be replaced with the '.' operator. Find more at https://v21.angular.dev/extended-diagnostics/NG8107[0m [1m[35m[plugin angular-compiler][0m

    src/app/widget/widget.component.ts:91:36:
[37m      91 │             <button *ngIf="chatRef?.[32mdebugButtonVisible[37m"
         ╵                                     [32m~~~~~~~~~~~~~~~~~~[0m


[33m▲ [43;33m[[43;30mWARNING[43;33m][0m [1mNG8107: NG8107: The left side of this optional chain operation does not include 'null' or 'undefined' in its type, therefore the '?.' operator can be replaced with the '.' operator. Find more at https://v21.angular.dev/extended-diagnostics/NG8107[0m [1m[35m[plugin angular-compiler][0m

    src/app/widget/widget.component.ts:93:44:
[37m      93 │                     [class.is-on]="chatRef?.[32mshowDebug[37m"
         ╵                                             [32m~~~~~~~~~[0m


[33m▲ [43;33m[[43;30mWARNING[43;33m][0m [1mNG8107: NG8107: The left side of this optional chain operation does not include 'null' or 'undefined' in its type, therefore the '?.' operator can be replaced with the '.' operator. Find more at https://v21.angular.dev/extended-diagnostics/NG8107[0m [1m[35m[plugin angular-compiler][0m

    src/app/widget/widget.component.ts:94:46:
[37m      94 │                     [class.is-off]="!chatRef?.[32mshowDebug[37m"
         ╵                                               [32m~~~~~~~~~[0m


[33m▲ [43;33m[[43;30mWARNING[43;33m][0m [1mNG8107: NG8107: The left side of this optional chain operation does not include 'null' or 'undefined' in its type, therefore the '?.' operator can be replaced with the '.' operator. Find more at https://v21.angular.dev/extended-diagnostics/NG8107[0m [1m[35m[plugin angular-compiler][0m

    src/app/widget/widget.component.ts:95:38:
[37m      95 │                     (click)="chatRef?.[32mtoggleDebug[37m()"
         ╵                                       [32m~~~~~~~~~~~[0m


[33m▲ [43;33m[[43;30mWARNING[43;33m][0m [1mNG8107: NG8107: The left side of this optional chain operation does not include 'null' or 'undefined' in its type, therefore the '?.' operator can be replaced with the '.' operator. Find more at https://v21.angular.dev/extended-diagnostics/NG8107[0m [1m[35m[plugin angular-compiler][0m

    src/app/widget/widget.component.ts:96:38:
[37m      96 │ ...          [title]="chatRef?.[32mshowDebug[37m ? 'Debug aus' : 'Debug an'">
         ╵                                [32m~~~~~~~~~[0m


[33m▲ [43;33m[[43;30mWARNING[43;33m][0m [1mNG8107: NG8107: The left side of this optional chain operation does not include 'null' or 'undefined' in its type, therefore the '?.' operator can be replaced with the '.' operator. Find more at https://v21.angular.dev/extended-diagnostics/NG8107[0m [1m[35m[plugin angular-compiler][0m

    src/app/widget/widget.component.ts:103:38:
[37m      103 │                     (click)="chatRef?.[32mrestart[37m()"
          ╵                                       [32m~~~~~~~[0m

[39m[22m
[1m[33m[33m▲ [43;33m[[43;30mWARNING[43;33m][0m [1mNG8107: NG8107: The left side of this optional chain operation does not include 'null' or 'undefined' in its type, therefore the '?.' operator can be replaced with the '.' operator. Find more at https://v21.angular.dev/extended-diagnostics/NG8107[0m [1m[35m[plugin angular-compiler][0m

    src/app/canvas/canvas.component.html:37:63:
[37m      37 │ ...an class="count" *ngIf="cards?.[32mlength[37m">({{ cards.length }})</span>
         ╵                                   [32m~~~~~~[0m

  Warning occurs in the template of component CanvasComponent.

    src/app/canvas/canvas.component.ts:37:15:
[37m      37 │   templateUrl: [32m'./canvas.component.html'[37m,
         ╵                [32m~~~~~~~~~~~~~~~~~~~~~~~~~[0m


[33m▲ [43;33m[[43;30mWARNING[43;33m][0m [1mNG8107: NG8107: The left side of this optional chain operation does not include 'null' or 'undefined' in its type, therefore the '?.' operator can be replaced with the '.' operator. Find more at https://v21.angular.dev/extended-diagnostics/NG8107[0m [1m[35m[plugin angular-compiler][0m

    src/app/canvas/canvas.component.html:200:72:
[37m      200 │ ... Tab öffnen' + (previewCard?[32m.titl[37me ? ': ' + previewCard.title...
          ╵                                [32m~~~~~[0m

  Warning occurs in the template of component CanvasComponent.

    src/app/canvas/canvas.component.ts:37:15:
[37m      37 │   templateUrl: [32m'./canvas.component.html'[37m,
         ╵                [32m~~~~~~~~~~~~~~~~~~~~~~~~~[0m


[33m▲ [43;33m[[43;30mWARNING[43;33m][0m [1mNG8107: NG8107: The left side of this optional chain operation does not include 'null' or 'undefined' in its type, therefore the '?.' operator can be replaced with the '.' operator. Find more at https://v21.angular.dev/extended-diagnostics/NG8107[0m [1m[35m[plugin angular-compiler][0m

    src/app/canvas/canvas.component.html:511:26:
[37m      511 │       <div *ngIf="!cards?.[32mlength[37m" class="canvas-empty">
          ╵                           [32m~~~~~~[0m

  Warning occurs in the template of component CanvasComponent.

    src/app/canvas/canvas.component.ts:37:15:
[37m      37 │   templateUrl: [32m'./canvas.component.html'[37m,
         ╵                [32m~~~~~~~~~~~~~~~~~~~~~~~~~[0m


[33m▲ [43;33m[[43;30mWARNING[43;33m][0m [1mNG8107: NG8107: The left side of this optional chain operation does not include 'null' or 'undefined' in its type, therefore the '?.' operator can be replaced with the '.' operator. Find more at https://v21.angular.dev/extended-diagnostics/NG8107[0m [1m[35m[plugin angular-compiler][0m

    src/app/canvas/canvas.component.html:520:25:
[37m      520 │       <div *ngIf="cards?.[32mlength[37m" class="canvas-pagination">
          ╵                          [32m~~~~~~[0m

  Warning occurs in the template of component CanvasComponent.

    src/app/canvas/canvas.component.ts:37:15:
[37m      37 │   templateUrl: [32m'./canvas.component.html'[37m,
         ╵                [32m~~~~~~~~~~~~~~~~~~~~~~~~~[0m


[33m▲ [43;33m[[43;30mWARNING[43;33m][0m [1mNG8107: NG8107: The left side of this optional chain operation does not include 'null' or 'undefined' in its type, therefore the '?.' operator can be replaced with the '.' operator. Find more at https://v21.angular.dev/extended-diagnostics/NG8107[0m [1m[35m[plugin angular-compiler][0m

    src/app/chat/chat.component.html:148:58:
[37m      148 │           <div class="result-groups" *ngIf="tp.swimlanes?.[32mlength[37m">
          ╵                                                           [32m~~~~~~[0m

  Warning occurs in the template of component ChatComponent.

    src/app/chat/chat.component.ts:126:15:
[37m      126 │   templateUrl: [32m'./chat.component.html'[37m,
          ╵                [32m~~~~~~~~~~~~~~~~~~~~~~~[0m


[33m▲ [43;33m[[43;30mWARNING[43;33m][0m [1mNG8113: CanvasComponent is not used within the template of WidgetComponent[0m [1m[35m[plugin angular-compiler][0m

    src/app/widget/widget.component.ts:48:41:
[37m      48 │ ...orts: [CommonModule, ChatComponent, [32mCanvasComponent[37m, SafeSvgPipe],
         ╵                                        [32m~~~~~~~~~~~~~~~[0m


[33m▲ [43;33m[[43;30mWARNING[43;33m][0m [1mNG8107: NG8107: The left side of this optional chain operation does not include 'null' or 'undefined' in its type, therefore the '?.' operator can be replaced with the '.' operator. Find more at https://v21.angular.dev/extended-diagnostics/NG8107[0m [1m[35m[plugin angular-compiler][0m

    src/app/widget/widget.component.ts:64:47:
[37m      64 │                  [class.is-thinking]="chatRef?.[32misLoading[37m"
         ╵                                                [32m~~~~~~~~~[0m


[33m▲ [43;33m[[43;30mWARNING[43;33m][0m [1mNG8107: NG8107: The left side of this optional chain operation does not include 'null' or 'undefined' in its type, therefore the '?.' operator can be replaced with the '.' operator. Find more at https://v21.angular.dev/extended-diagnostics/NG8107[0m [1m[35m[plugin angular-compiler][0m

    src/app/widget/widget.component.ts:65:47:
[37m      65 │ ...   [class.is-speaking]="chatRef?.[32mautoSpeak[37m && chatRef?.isSpeaking"
         ╵                                     [32m~~~~~~~~~[0m


[33m▲ [43;33m[[43;30mWARNING[43;33m][0m [1mNG8107: NG8107: The left side of this optional chain operation does not include 'null' or 'undefined' in its type, therefore the '?.' operator can be replaced with the '.' operator. Find more at https://v21.angular.dev/extended-diagnostics/NG8107[0m [1m[35m[plugin angular-compiler][0m

    src/app/widget/widget.component.ts:65:69:
[37m      65 │ ...   [class.is-speaking]="chatRef?.autoSpeak && chatRef?.[32misSpeaking[37m"
         ╵                                                           [32m~~~~~~~~~~[0m


[33m▲ [43;33m[[43;30mWARNING[43;33m][0m [1mNG8107: NG8107: The left side of this optional chain operation does not include 'null' or 'undefined' in its type, therefore the '?.' operator can be replaced with the '.' operator. Find more at https://v21.angular.dev/extended-diagnostics/NG8107[0m [1m[35m[plugin angular-compiler][0m

    src/app/widget/widget.component.ts:69:58:
[37m      69 │ ...s="boerdi-status" *ngIf="chatRef?.[32misLoading[37m">denkt nach …</span>
         ╵                                      [32m~~~~~~~~~[0m


[33m▲ [43;33m[[43;30mWARNING[43;33m][0m [1mNG8107: NG8107: The left side of this optional chain operation does not include 'null' or 'undefined' in its type, therefore the '?.' operator can be replaced with the '.' operator. Find more at https://v21.angular.dev/extended-diagnostics/NG8107[0m [1m[35m[plugin angular-compiler][0m

    src/app/widget/widget.component.ts:70:59:
[37m      70 │ ...i-status" *ngIf="!chatRef?.[32misLoading[37m && chatRef?.autoSpeak && c...
         ╵                               [32m~~~~~~~~~[0m


[33m▲ [43;33m[[43;30mWARNING[43;33m][0m [1mNG8107: NG8107: The left side of this optional chain operation does not include 'null' or 'undefined' in its type, therefore the '?.' operator can be replaced with the '.' operator. Find more at https://v21.angular.dev/extended-diagnostics/NG8107[0m [1m[35m[plugin angular-compiler][0m

    src/app/widget/widget.component.ts:70:81:
[37m      70 │ ...Ref?.isLoading && chatRef?.[32mautoSpeak[37m && chatRef?.isSpeaking">sp...
         ╵                               [32m~~~~~~~~~[0m


[33m▲ [43;33m[[43;30mWARNING[43;33m][0m [1mNG8107: NG8107: The left side of this optional chain operation does not include 'null' or 'undefined' in its type, therefore the '?.' operator can be replaced with the '.' operator. Find more at https://v21.angular.dev/extended-diagnostics/NG8107[0m [1m[35m[plugin angular-compiler][0m

    src/app/widget/widget.component.ts:70:103:
[37m      70 │ ...g && chatRef?.autoSpeak && chatRef?.[32misSpeaking[37m">spricht …</span>
         ╵                                        [32m~~~~~~~~~~[0m


[33m▲ [43;33m[[43;30mWARNING[43;33m][0m [1mNG8107: NG8107: The left side of this optional chain operation does not include 'null' or 'undefined' in its type, therefore the '?.' operator can be replaced with the '.' operator. Find more at https://v21.angular.dev/extended-diagnostics/NG8107[0m [1m[35m[plugin angular-compiler][0m

    src/app/widget/widget.component.ts:82:36:
[37m      82 │             <button *ngIf="chatRef?.[32mlanguageButtonsVisible[37m"
         ╵                                     [32m~~~~~~~~~~~~~~~~~~~~~~[0m


[33m▲ [43;33m[[43;30mWARNING[43;33m][0m [1mNG8107: NG8107: The left side of this optional chain operation does not include 'null' or 'undefined' in its type, therefore the '?.' operator can be replaced with the '.' operator. Find more at https://v21.angular.dev/extended-diagnostics/NG8107[0m [1m[35m[plugin angular-compiler][0m

    src/app/widget/widget.component.ts:84:44:
[37m      84 │                     [class.is-on]="chatRef?.[32mautoSpeak[37m"
         ╵                                             [32m~~~~~~~~~[0m


[33m▲ [43;33m[[43;30mWARNING[43;33m][0m [1mNG8107: NG8107: The left side of this optional chain operation does not include 'null' or 'undefined' in its type, therefore the '?.' operator can be replaced with the '.' operator. Find more at https://v21.angular.dev/extended-diagnostics/NG8107[0m [1m[35m[plugin angular-compiler][0m

    src/app/widget/widget.component.ts:85:46:
[37m      85 │                     [class.is-off]="!chatRef?.[32mautoSpeak[37m"
         ╵                                               [32m~~~~~~~~~[0m


[33m▲ [43;33m[[43;30mWARNING[43;33m][0m [1mNG8107: NG8107: The left side of this optional chain operation does not include 'null' or 'undefined' in its type, therefore the '?.' operator can be replaced with the '.' operator. Find more at https://v21.angular.dev/extended-diagnostics/NG8107[0m [1m[35m[plugin angular-compiler][0m

    src/app/widget/widget.component.ts:86:38:
[37m      86 │                     (click)="chatRef?.[32mtoggleAutoSpeak[37m()"
         ╵                                       [32m~~~~~~~~~~~~~~~[0m


[33m▲ [43;33m[[43;30mWARNING[43;33m][0m [1mNG8107: NG8107: The left side of this optional chain operation does not include 'null' or 'undefined' in its type, therefore the '?.' operator can be replaced with the '.' operator. Find more at https://v21.angular.dev/extended-diagnostics/NG8107[0m [1m[35m[plugin angular-compiler][0m

    src/app/widget/widget.component.ts:87:38:
[37m      87 │ ...         [title]="chatRef?.[32mautoSpeak[37m ? 'Sprachausgabe aus' : 'S...
         ╵                               [32m~~~~~~~~~[0m


[33m▲ [43;33m[[43;30mWARNING[43;33m][0m [1mNG8107: NG8107: The left side of this optional chain operation does not include 'null' or 'undefined' in its type, therefore the '?.' operator can be replaced with the '.' operator. Find more at https://v21.angular.dev/extended-diagnostics/NG8107[0m [1m[35m[plugin angular-compiler][0m

    src/app/widget/widget.component.ts:89:43:
[37m      89 │ ...    [innerHTML]="(chatRef?.[32mautoSpeak[37m ? ICONS.volume_up : ICONS....
         ╵                               [32m~~~~~~~~~[0m


[33m▲ [43;33m[[43;30mWARNING[43;33m][0m [1mNG8107: NG8107: The left side of this optional chain operation does not include 'null' or 'undefined' in its type, therefore the '?.' operator can be replaced with the '.' operator. Find more at https://v21.angular.dev/extended-diagnostics/NG8107[0m [1m[35m[plugin angular-compiler][0m

    src/app/widget/widget.component.ts:91:36:
[37m      91 │             <button *ngIf="chatRef?.[32mdebugButtonVisible[37m"
         ╵                                     [32m~~~~~~~~~~~~~~~~~~[0m


[33m▲ [43;33m[[43;30mWARNING[43;33m][0m [1mNG8107: NG8107: The left side of this optional chain operation does not include 'null' or 'undefined' in its type, therefore the '?.' operator can be replaced with the '.' operator. Find more at https://v21.angular.dev/extended-diagnostics/NG8107[0m [1m[35m[plugin angular-compiler][0m

    src/app/widget/widget.component.ts:93:44:
[37m      93 │                     [class.is-on]="chatRef?.[32mshowDebug[37m"
         ╵                                             [32m~~~~~~~~~[0m


[33m▲ [43;33m[[43;30mWARNING[43;33m][0m [1mNG8107: NG8107: The left side of this optional chain operation does not include 'null' or 'undefined' in its type, therefore the '?.' operator can be replaced with the '.' operator. Find more at https://v21.angular.dev/extended-diagnostics/NG8107[0m [1m[35m[plugin angular-compiler][0m

    src/app/widget/widget.component.ts:94:46:
[37m      94 │                     [class.is-off]="!chatRef?.[32mshowDebug[37m"
         ╵                                               [32m~~~~~~~~~[0m


[33m▲ [43;33m[[43;30mWARNING[43;33m][0m [1mNG8107: NG8107: The left side of this optional chain operation does not include 'null' or 'undefined' in its type, therefore the '?.' operator can be replaced with the '.' operator. Find more at https://v21.angular.dev/extended-diagnostics/NG8107[0m [1m[35m[plugin angular-compiler][0m

    src/app/widget/widget.component.ts:95:38:
[37m      95 │                     (click)="chatRef?.[32mtoggleDebug[37m()"
         ╵                                       [32m~~~~~~~~~~~[0m


[33m▲ [43;33m[[43;30mWARNING[43;33m][0m [1mNG8107: NG8107: The left side of this optional chain operation does not include 'null' or 'undefined' in its type, therefore the '?.' operator can be replaced with the '.' operator. Find more at https://v21.angular.dev/extended-diagnostics/NG8107[0m [1m[35m[plugin angular-compiler][0m

    src/app/widget/widget.component.ts:96:38:
[37m      96 │ ...          [title]="chatRef?.[32mshowDebug[37m ? 'Debug aus' : 'Debug an'">
         ╵                                [32m~~~~~~~~~[0m


[33m▲ [43;33m[[43;30mWARNING[43;33m][0m [1mNG8107: NG8107: The left side of this optional chain operation does not include 'null' or 'undefined' in its type, therefore the '?.' operator can be replaced with the '.' operator. Find more at https://v21.angular.dev/extended-diagnostics/NG8107[0m [1m[35m[plugin angular-compiler][0m

    src/app/widget/widget.component.ts:103:38:
[37m      103 │                     (click)="chatRef?.[32mrestart[37m()"
          ╵                                       [32m~~~~~~~[0m

[39m[22m
[1m[33m[33m▲ [43;33m[[43;30mWARNING[43;33m][0m [1mNG8107: NG8107: The left side of this optional chain operation does not include 'null' or 'undefined' in its type, therefore the '?.' operator can be replaced with the '.' operator. Find more at https://v21.angular.dev/extended-diagnostics/NG8107[0m [1m[35m[plugin angular-compiler][0m

    src/app/canvas/canvas.component.html:37:63:
[37m      37 │ ...an class="count" *ngIf="cards?.[32mlength[37m">({{ cards.length }})</span>
         ╵                                   [32m~~~~~~[0m

  Warning occurs in the template of component CanvasComponent.

    src/app/canvas/canvas.component.ts:37:15:
[37m      37 │   templateUrl: [32m'./canvas.component.html'[37m,
         ╵                [32m~~~~~~~~~~~~~~~~~~~~~~~~~[0m


[33m▲ [43;33m[[43;30mWARNING[43;33m][0m [1mNG8107: NG8107: The left side of this optional chain operation does not include 'null' or 'undefined' in its type, therefore the '?.' operator can be replaced with the '.' operator. Find more at https://v21.angular.dev/extended-diagnostics/NG8107[0m [1m[35m[plugin angular-compiler][0m

    src/app/canvas/canvas.component.html:200:72:
[37m      200 │ ... Tab öffnen' + (previewCard?[32m.titl[37me ? ': ' + previewCard.title...
          ╵                                [32m~~~~~[0m

  Warning occurs in the template of component CanvasComponent.

    src/app/canvas/canvas.component.ts:37:15:
[37m      37 │   templateUrl: [32m'./canvas.component.html'[37m,
         ╵                [32m~~~~~~~~~~~~~~~~~~~~~~~~~[0m


[33m▲ [43;33m[[43;30mWARNING[43;33m][0m [1mNG8107: NG8107: The left side of this optional chain operation does not include 'null' or 'undefined' in its type, therefore the '?.' operator can be replaced with the '.' operator. Find more at https://v21.angular.dev/extended-diagnostics/NG8107[0m [1m[35m[plugin angular-compiler][0m

    src/app/canvas/canvas.component.html:511:26:
[37m      511 │       <div *ngIf="!cards?.[32mlength[37m" class="canvas-empty">
          ╵                           [32m~~~~~~[0m

  Warning occurs in the template of component CanvasComponent.

    src/app/canvas/canvas.component.ts:37:15:
[37m      37 │   templateUrl: [32m'./canvas.component.html'[37m,
         ╵                [32m~~~~~~~~~~~~~~~~~~~~~~~~~[0m


[33m▲ [43;33m[[43;30mWARNING[43;33m][0m [1mNG8107: NG8107: The left side of this optional chain operation does not include 'null' or 'undefined' in its type, therefore the '?.' operator can be replaced with the '.' operator. Find more at https://v21.angular.dev/extended-diagnostics/NG8107[0m [1m[35m[plugin angular-compiler][0m

    src/app/canvas/canvas.component.html:520:25:
[37m      520 │       <div *ngIf="cards?.[32mlength[37m" class="canvas-pagination">
          ╵                          [32m~~~~~~[0m

  Warning occurs in the template of component CanvasComponent.

    src/app/canvas/canvas.component.ts:37:15:
[37m      37 │   templateUrl: [32m'./canvas.component.html'[37m,
         ╵                [32m~~~~~~~~~~~~~~~~~~~~~~~~~[0m


[33m▲ [43;33m[[43;30mWARNING[43;33m][0m [1mNG8107: NG8107: The left side of this optional chain operation does not include 'null' or 'undefined' in its type, therefore the '?.' operator can be replaced with the '.' operator. Find more at https://v21.angular.dev/extended-diagnostics/NG8107[0m [1m[35m[plugin angular-compiler][0m

    src/app/chat/chat.component.html:148:58:
[37m      148 │           <div class="result-groups" *ngIf="tp.swimlanes?.[32mlength[37m">
          ╵                                                           [32m~~~~~~[0m

  Warning occurs in the template of component ChatComponent.

    src/app/chat/chat.component.ts:126:15:
[37m      126 │   templateUrl: [32m'./chat.component.html'[37m,
          ╵                [32m~~~~~~~~~~~~~~~~~~~~~~~[0m


[33m▲ [43;33m[[43;30mWARNING[43;33m][0m [1mNG8113: CanvasComponent is not used within the template of WidgetComponent[0m [1m[35m[plugin angular-compiler][0m

    src/app/widget/widget.component.ts:48:41:
[37m      48 │ ...orts: [CommonModule, ChatComponent, [32mCanvasComponent[37m, SafeSvgPipe],
         ╵                                        [32m~~~~~~~~~~~~~~~[0m


[33m▲ [43;33m[[43;30mWARNING[43;33m][0m [1mNG8107: NG8107: The left side of this optional chain operation does not include 'null' or 'undefined' in its type, therefore the '?.' operator can be replaced with the '.' operator. Find more at https://v21.angular.dev/extended-diagnostics/NG8107[0m [1m[35m[plugin angular-compiler][0m

    src/app/widget/widget.component.ts:64:47:
[37m      64 │                  [class.is-thinking]="chatRef?.[32misLoading[37m"
         ╵                                                [32m~~~~~~~~~[0m


[33m▲ [43;33m[[43;30mWARNING[43;33m][0m [1mNG8107: NG8107: The left side of this optional chain operation does not include 'null' or 'undefined' in its type, therefore the '?.' operator can be replaced with the '.' operator. Find more at https://v21.angular.dev/extended-diagnostics/NG8107[0m [1m[35m[plugin angular-compiler][0m

    src/app/widget/widget.component.ts:65:47:
[37m      65 │ ...   [class.is-speaking]="chatRef?.[32mautoSpeak[37m && chatRef?.isSpeaking"
         ╵                                     [32m~~~~~~~~~[0m


[33m▲ [43;33m[[43;30mWARNING[43;33m][0m [1mNG8107: NG8107: The left side of this optional chain operation does not include 'null' or 'undefined' in its type, therefore the '?.' operator can be replaced with the '.' operator. Find more at https://v21.angular.dev/extended-diagnostics/NG8107[0m [1m[35m[plugin angular-compiler][0m

    src/app/widget/widget.component.ts:65:69:
[37m      65 │ ...   [class.is-speaking]="chatRef?.autoSpeak && chatRef?.[32misSpeaking[37m"
         ╵                                                           [32m~~~~~~~~~~[0m


[33m▲ [43;33m[[43;30mWARNING[43;33m][0m [1mNG8107: NG8107: The left side of this optional chain operation does not include 'null' or 'undefined' in its type, therefore the '?.' operator can be replaced with the '.' operator. Find more at https://v21.angular.dev/extended-diagnostics/NG8107[0m [1m[35m[plugin angular-compiler][0m

    src/app/widget/widget.component.ts:69:58:
[37m      69 │ ...s="boerdi-status" *ngIf="chatRef?.[32misLoading[37m">denkt nach …</span>
         ╵                                      [32m~~~~~~~~~[0m


[33m▲ [43;33m[[43;30mWARNING[43;33m][0m [1mNG8107: NG8107: The left side of this optional chain operation does not include 'null' or 'undefined' in its type, therefore the '?.' operator can be replaced with the '.' operator. Find more at https://v21.angular.dev/extended-diagnostics/NG8107[0m [1m[35m[plugin angular-compiler][0m

    src/app/widget/widget.component.ts:70:59:
[37m      70 │ ...i-status" *ngIf="!chatRef?.[32misLoading[37m && chatRef?.autoSpeak && c...
         ╵                               [32m~~~~~~~~~[0m


[33m▲ [43;33m[[43;30mWARNING[43;33m][0m [1mNG8107: NG8107: The left side of this optional chain operation does not include 'null' or 'undefined' in its type, therefore the '?.' operator can be replaced with the '.' operator. Find more at https://v21.angular.dev/extended-diagnostics/NG8107[0m [1m[35m[plugin angular-compiler][0m

    src/app/widget/widget.component.ts:70:81:
[37m      70 │ ...Ref?.isLoading && chatRef?.[32mautoSpeak[37m && chatRef?.isSpeaking">sp...
         ╵                               [32m~~~~~~~~~[0m


[33m▲ [43;33m[[43;30mWARNING[43;33m][0m [1mNG8107: NG8107: The left side of this optional chain operation does not include 'null' or 'undefined' in its type, therefore the '?.' operator can be replaced with the '.' operator. Find more at https://v21.angular.dev/extended-diagnostics/NG8107[0m [1m[35m[plugin angular-compiler][0m

    src/app/widget/widget.component.ts:70:103:
[37m      70 │ ...g && chatRef?.autoSpeak && chatRef?.[32misSpeaking[37m">spricht …</span>
         ╵                                        [32m~~~~~~~~~~[0m


[33m▲ [43;33m[[43;30mWARNING[43;33m][0m [1mNG8107: NG8107: The left side of this optional chain operation does not include 'null' or 'undefined' in its type, therefore the '?.' operator can be replaced with the '.' operator. Find more at https://v21.angular.dev/extended-diagnostics/NG8107[0m [1m[35m[plugin angular-compiler][0m

    src/app/widget/widget.component.ts:82:36:
[37m      82 │             <button *ngIf="chatRef?.[32mlanguageButtonsVisible[37m"
         ╵                                     [32m~~~~~~~~~~~~~~~~~~~~~~[0m


[33m▲ [43;33m[[43;30mWARNING[43;33m][0m [1mNG8107: NG8107: The left side of this optional chain operation does not include 'null' or 'undefined' in its type, therefore the '?.' operator can be replaced with the '.' operator. Find more at https://v21.angular.dev/extended-diagnostics/NG8107[0m [1m[35m[plugin angular-compiler][0m

    src/app/widget/widget.component.ts:84:44:
[37m      84 │                     [class.is-on]="chatRef?.[32mautoSpeak[37m"
         ╵                                             [32m~~~~~~~~~[0m


[33m▲ [43;33m[[43;30mWARNING[43;33m][0m [1mNG8107: NG8107: The left side of this optional chain operation does not include 'null' or 'undefined' in its type, therefore the '?.' operator can be replaced with the '.' operator. Find more at https://v21.angular.dev/extended-diagnostics/NG8107[0m [1m[35m[plugin angular-compiler][0m

    src/app/widget/widget.component.ts:85:46:
[37m      85 │                     [class.is-off]="!chatRef?.[32mautoSpeak[37m"
         ╵                                               [32m~~~~~~~~~[0m


[33m▲ [43;33m[[43;30mWARNING[43;33m][0m [1mNG8107: NG8107: The left side of this optional chain operation does not include 'null' or 'undefined' in its type, therefore the '?.' operator can be replaced with the '.' operator. Find more at https://v21.angular.dev/extended-diagnostics/NG8107[0m [1m[35m[plugin angular-compiler][0m

    src/app/widget/widget.component.ts:86:38:
[37m      86 │                     (click)="chatRef?.[32mtoggleAutoSpeak[37m()"
         ╵                                       [32m~~~~~~~~~~~~~~~[0m


[33m▲ [43;33m[[43;30mWARNING[43;33m][0m [1mNG8107: NG8107: The left side of this optional chain operation does not include 'null' or 'undefined' in its type, therefore the '?.' operator can be replaced with the '.' operator. Find more at https://v21.angular.dev/extended-diagnostics/NG8107[0m [1m[35m[plugin angular-compiler][0m

    src/app/widget/widget.component.ts:87:38:
[37m      87 │ ...         [title]="chatRef?.[32mautoSpeak[37m ? 'Sprachausgabe aus' : 'S...
         ╵                               [32m~~~~~~~~~[0m


[33m▲ [43;33m[[43;30mWARNING[43;33m][0m [1mNG8107: NG8107: The left side of this optional chain operation does not include 'null' or 'undefined' in its type, therefore the '?.' operator can be replaced with the '.' operator. Find more at https://v21.angular.dev/extended-diagnostics/NG8107[0m [1m[35m[plugin angular-compiler][0m

    src/app/widget/widget.component.ts:89:43:
[37m      89 │ ...    [innerHTML]="(chatRef?.[32mautoSpeak[37m ? ICONS.volume_up : ICONS....
         ╵                               [32m~~~~~~~~~[0m


[33m▲ [43;33m[[43;30mWARNING[43;33m][0m [1mNG8107: NG8107: The left side of this optional chain operation does not include 'null' or 'undefined' in its type, therefore the '?.' operator can be replaced with the '.' operator. Find more at https://v21.angular.dev/extended-diagnostics/NG8107[0m [1m[35m[plugin angular-compiler][0m

    src/app/widget/widget.component.ts:91:36:
[37m      91 │             <button *ngIf="chatRef?.[32mdebugButtonVisible[37m"
         ╵                                     [32m~~~~~~~~~~~~~~~~~~[0m


[33m▲ [43;33m[[43;30mWARNING[43;33m][0m [1mNG8107: NG8107: The left side of this optional chain operation does not include 'null' or 'undefined' in its type, therefore the '?.' operator can be replaced with the '.' operator. Find more at https://v21.angular.dev/extended-diagnostics/NG8107[0m [1m[35m[plugin angular-compiler][0m

    src/app/widget/widget.component.ts:93:44:
[37m      93 │                     [class.is-on]="chatRef?.[32mshowDebug[37m"
         ╵                                             [32m~~~~~~~~~[0m


[33m▲ [43;33m[[43;30mWARNING[43;33m][0m [1mNG8107: NG8107: The left side of this optional chain operation does not include 'null' or 'undefined' in its type, therefore the '?.' operator can be replaced with the '.' operator. Find more at https://v21.angular.dev/extended-diagnostics/NG8107[0m [1m[35m[plugin angular-compiler][0m

    src/app/widget/widget.component.ts:94:46:
[37m      94 │                     [class.is-off]="!chatRef?.[32mshowDebug[37m"
         ╵                                               [32m~~~~~~~~~[0m


[33m▲ [43;33m[[43;30mWARNING[43;33m][0m [1mNG8107: NG8107: The left side of this optional chain operation does not include 'null' or 'undefined' in its type, therefore the '?.' operator can be replaced with the '.' operator. Find more at https://v21.angular.dev/extended-diagnostics/NG8107[0m [1m[35m[plugin angular-compiler][0m

    src/app/widget/widget.component.ts:95:38:
[37m      95 │                     (click)="chatRef?.[32mtoggleDebug[37m()"
         ╵                                       [32m~~~~~~~~~~~[0m


[33m▲ [43;33m[[43;30mWARNING[43;33m][0m [1mNG8107: NG8107: The left side of this optional chain operation does not include 'null' or 'undefined' in its type, therefore the '?.' operator can be replaced with the '.' operator. Find more at https://v21.angular.dev/extended-diagnostics/NG8107[0m [1m[35m[plugin angular-compiler][0m

    src/app/widget/widget.component.ts:96:38:
[37m      96 │ ...          [title]="chatRef?.[32mshowDebug[37m ? 'Debug aus' : 'Debug an'">
         ╵                                [32m~~~~~~~~~[0m


[33m▲ [43;33m[[43;30mWARNING[43;33m][0m [1mNG8107: NG8107: The left side of this optional chain operation does not include 'null' or 'undefined' in its type, therefore the '?.' operator can be replaced with the '.' operator. Find more at https://v21.angular.dev/extended-diagnostics/NG8107[0m [1m[35m[plugin angular-compiler][0m

    src/app/widget/widget.component.ts:103:38:
[37m      103 │                     (click)="chatRef?.[32mrestart[37m()"
          ╵                                       [32m~~~~~~~[0m

[39m[22m
[1m[33m[33m▲ [43;33m[[43;30mWARNING[43;33m][0m [1mNG8107: NG8107: The left side of this optional chain operation does not include 'null' or 'undefined' in its type, therefore the '?.' operator can be replaced with the '.' operator. Find more at https://v21.angular.dev/extended-diagnostics/NG8107[0m [1m[35m[plugin angular-compiler][0m

    src/app/canvas/canvas.component.html:37:63:
[37m      37 │ ...an class="count" *ngIf="cards?.[32mlength[37m">({{ cards.length }})</span>
         ╵                                   [32m~~~~~~[0m

  Warning occurs in the template of component CanvasComponent.

    src/app/canvas/canvas.component.ts:37:15:
[37m      37 │   templateUrl: [32m'./canvas.component.html'[37m,
         ╵                [32m~~~~~~~~~~~~~~~~~~~~~~~~~[0m


[33m▲ [43;33m[[43;30mWARNING[43;33m][0m [1mNG8107: NG8107: The left side of this optional chain operation does not include 'null' or 'undefined' in its type, therefore the '?.' operator can be replaced with the '.' operator. Find more at https://v21.angular.dev/extended-diagnostics/NG8107[0m [1m[35m[plugin angular-compiler][0m

    src/app/canvas/canvas.component.html:200:72:
[37m      200 │ ... Tab öffnen' + (previewCard?[32m.titl[37me ? ': ' + previewCard.title...
          ╵                                [32m~~~~~[0m

  Warning occurs in the template of component CanvasComponent.

    src/app/canvas/canvas.component.ts:37:15:
[37m      37 │   templateUrl: [32m'./canvas.component.html'[37m,
         ╵                [32m~~~~~~~~~~~~~~~~~~~~~~~~~[0m


[33m▲ [43;33m[[43;30mWARNING[43;33m][0m [1mNG8107: NG8107: The left side of this optional chain operation does not include 'null' or 'undefined' in its type, therefore the '?.' operator can be replaced with the '.' operator. Find more at https://v21.angular.dev/extended-diagnostics/NG8107[0m [1m[35m[plugin angular-compiler][0m

    src/app/canvas/canvas.component.html:511:26:
[37m      511 │       <div *ngIf="!cards?.[32mlength[37m" class="canvas-empty">
          ╵                           [32m~~~~~~[0m

  Warning occurs in the template of component CanvasComponent.

    src/app/canvas/canvas.component.ts:37:15:
[37m      37 │   templateUrl: [32m'./canvas.component.html'[37m,
         ╵                [32m~~~~~~~~~~~~~~~~~~~~~~~~~[0m


[33m▲ [43;33m[[43;30mWARNING[43;33m][0m [1mNG8107: NG8107: The left side of this optional chain operation does not include 'null' or 'undefined' in its type, therefore the '?.' operator can be replaced with the '.' operator. Find more at https://v21.angular.dev/extended-diagnostics/NG8107[0m [1m[35m[plugin angular-compiler][0m

    src/app/canvas/canvas.component.html:520:25:
[37m      520 │       <div *ngIf="cards?.[32mlength[37m" class="canvas-pagination">
          ╵                          [32m~~~~~~[0m

  Warning occurs in the template of component CanvasComponent.

    src/app/canvas/canvas.component.ts:37:15:
[37m      37 │   templateUrl: [32m'./canvas.component.html'[37m,
         ╵                [32m~~~~~~~~~~~~~~~~~~~~~~~~~[0m


[33m▲ [43;33m[[43;30mWARNING[43;33m][0m [1mNG8107: NG8107: The left side of this optional chain operation does not include 'null' or 'undefined' in its type, therefore the '?.' operator can be replaced with the '.' operator. Find more at https://v21.angular.dev/extended-diagnostics/NG8107[0m [1m[35m[plugin angular-compiler][0m

    src/app/chat/chat.component.html:148:58:
[37m      148 │           <div class="result-groups" *ngIf="tp.swimlanes?.[32mlength[37m">
          ╵                                                           [32m~~~~~~[0m

  Warning occurs in the template of component ChatComponent.

    src/app/chat/chat.component.ts:126:15:
[37m      126 │   templateUrl: [32m'./chat.component.html'[37m,
          ╵                [32m~~~~~~~~~~~~~~~~~~~~~~~[0m


[33m▲ [43;33m[[43;30mWARNING[43;33m][0m [1mNG8113: CanvasComponent is not used within the template of WidgetComponent[0m [1m[35m[plugin angular-compiler][0m

    src/app/widget/widget.component.ts:48:41:
[37m      48 │ ...orts: [CommonModule, ChatComponent, [32mCanvasComponent[37m, SafeSvgPipe],
         ╵                                        [32m~~~~~~~~~~~~~~~[0m


[33m▲ [43;33m[[43;30mWARNING[43;33m][0m [1mNG8107: NG8107: The left side of this optional chain operation does not include 'null' or 'undefined' in its type, therefore the '?.' operator can be replaced with the '.' operator. Find more at https://v21.angular.dev/extended-diagnostics/NG8107[0m [1m[35m[plugin angular-compiler][0m

    src/app/widget/widget.component.ts:64:47:
[37m      64 │                  [class.is-thinking]="chatRef?.[32misLoading[37m"
         ╵                                                [32m~~~~~~~~~[0m


[33m▲ [43;33m[[43;30mWARNING[43;33m][0m [1mNG8107: NG8107: The left side of this optional chain operation does not include 'null' or 'undefined' in its type, therefore the '?.' operator can be replaced with the '.' operator. Find more at https://v21.angular.dev/extended-diagnostics/NG8107[0m [1m[35m[plugin angular-compiler][0m

    src/app/widget/widget.component.ts:65:47:
[37m      65 │ ...   [class.is-speaking]="chatRef?.[32mautoSpeak[37m && chatRef?.isSpeaking"
         ╵                                     [32m~~~~~~~~~[0m


[33m▲ [43;33m[[43;30mWARNING[43;33m][0m [1mNG8107: NG8107: The left side of this optional chain operation does not include 'null' or 'undefined' in its type, therefore the '?.' operator can be replaced with the '.' operator. Find more at https://v21.angular.dev/extended-diagnostics/NG8107[0m [1m[35m[plugin angular-compiler][0m

    src/app/widget/widget.component.ts:65:69:
[37m      65 │ ...   [class.is-speaking]="chatRef?.autoSpeak && chatRef?.[32misSpeaking[37m"
         ╵                                                           [32m~~~~~~~~~~[0m


[33m▲ [43;33m[[43;30mWARNING[43;33m][0m [1mNG8107: NG8107: The left side of this optional chain operation does not include 'null' or 'undefined' in its type, therefore the '?.' operator can be replaced with the '.' operator. Find more at https://v21.angular.dev/extended-diagnostics/NG8107[0m [1m[35m[plugin angular-compiler][0m

    src/app/widget/widget.component.ts:69:58:
[37m      69 │ ...s="boerdi-status" *ngIf="chatRef?.[32misLoading[37m">denkt nach …</span>
         ╵                                      [32m~~~~~~~~~[0m


[33m▲ [43;33m[[43;30mWARNING[43;33m][0m [1mNG8107: NG8107: The left side of this optional chain operation does not include 'null' or 'undefined' in its type, therefore the '?.' operator can be replaced with the '.' operator. Find more at https://v21.angular.dev/extended-diagnostics/NG8107[0m [1m[35m[plugin angular-compiler][0m

    src/app/widget/widget.component.ts:70:59:
[37m      70 │ ...i-status" *ngIf="!chatRef?.[32misLoading[37m && chatRef?.autoSpeak && c...
         ╵                               [32m~~~~~~~~~[0m


[33m▲ [43;33m[[43;30mWARNING[43;33m][0m [1mNG8107: NG8107: The left side of this optional chain operation does not include 'null' or 'undefined' in its type, therefore the '?.' operator can be replaced with the '.' operator. Find more at https://v21.angular.dev/extended-diagnostics/NG8107[0m [1m[35m[plugin angular-compiler][0m

    src/app/widget/widget.component.ts:70:81:
[37m      70 │ ...Ref?.isLoading && chatRef?.[32mautoSpeak[37m && chatRef?.isSpeaking">sp...
         ╵                               [32m~~~~~~~~~[0m


[33m▲ [43;33m[[43;30mWARNING[43;33m][0m [1mNG8107: NG8107: The left side of this optional chain operation does not include 'null' or 'undefined' in its type, therefore the '?.' operator can be replaced with the '.' operator. Find more at https://v21.angular.dev/extended-diagnostics/NG8107[0m [1m[35m[plugin angular-compiler][0m

    src/app/widget/widget.component.ts:70:103:
[37m      70 │ ...g && chatRef?.autoSpeak && chatRef?.[32misSpeaking[37m">spricht …</span>
         ╵                                        [32m~~~~~~~~~~[0m


[33m▲ [43;33m[[43;30mWARNING[43;33m][0m [1mNG8107: NG8107: The left side of this optional chain operation does not include 'null' or 'undefined' in its type, therefore the '?.' operator can be replaced with the '.' operator. Find more at https://v21.angular.dev/extended-diagnostics/NG8107[0m [1m[35m[plugin angular-compiler][0m

    src/app/widget/widget.component.ts:82:36:
[37m      82 │             <button *ngIf="chatRef?.[32mlanguageButtonsVisible[37m"
         ╵                                     [32m~~~~~~~~~~~~~~~~~~~~~~[0m


[33m▲ [43;33m[[43;30mWARNING[43;33m][0m [1mNG8107: NG8107: The left side of this optional chain operation does not include 'null' or 'undefined' in its type, therefore the '?.' operator can be replaced with the '.' operator. Find more at https://v21.angular.dev/extended-diagnostics/NG8107[0m [1m[35m[plugin angular-compiler][0m

    src/app/widget/widget.component.ts:84:44:
[37m      84 │                     [class.is-on]="chatRef?.[32mautoSpeak[37m"
         ╵                                             [32m~~~~~~~~~[0m


[33m▲ [43;33m[[43;30mWARNING[43;33m][0m [1mNG8107: NG8107: The left side of this optional chain operation does not include 'null' or 'undefined' in its type, therefore the '?.' operator can be replaced with the '.' operator. Find more at https://v21.angular.dev/extended-diagnostics/NG8107[0m [1m[35m[plugin angular-compiler][0m

    src/app/widget/widget.component.ts:85:46:
[37m      85 │                     [class.is-off]="!chatRef?.[32mautoSpeak[37m"
         ╵                                               [32m~~~~~~~~~[0m


[33m▲ [43;33m[[43;30mWARNING[43;33m][0m [1mNG8107: NG8107: The left side of this optional chain operation does not include 'null' or 'undefined' in its type, therefore the '?.' operator can be replaced with the '.' operator. Find more at https://v21.angular.dev/extended-diagnostics/NG8107[0m [1m[35m[plugin angular-compiler][0m

    src/app/widget/widget.component.ts:86:38:
[37m      86 │                     (click)="chatRef?.[32mtoggleAutoSpeak[37m()"
         ╵                                       [32m~~~~~~~~~~~~~~~[0m


[33m▲ [43;33m[[43;30mWARNING[43;33m][0m [1mNG8107: NG8107: The left side of this optional chain operation does not include 'null' or 'undefined' in its type, therefore the '?.' operator can be replaced with the '.' operator. Find more at https://v21.angular.dev/extended-diagnostics/NG8107[0m [1m[35m[plugin angular-compiler][0m

    src/app/widget/widget.component.ts:87:38:
[37m      87 │ ...         [title]="chatRef?.[32mautoSpeak[37m ? 'Sprachausgabe aus' : 'S...
         ╵                               [32m~~~~~~~~~[0m


[33m▲ [43;33m[[43;30mWARNING[43;33m][0m [1mNG8107: NG8107: The left side of this optional chain operation does not include 'null' or 'undefined' in its type, therefore the '?.' operator can be replaced with the '.' operator. Find more at https://v21.angular.dev/extended-diagnostics/NG8107[0m [1m[35m[plugin angular-compiler][0m

    src/app/widget/widget.component.ts:89:43:
[37m      89 │ ...    [innerHTML]="(chatRef?.[32mautoSpeak[37m ? ICONS.volume_up : ICONS....
         ╵                               [32m~~~~~~~~~[0m


[33m▲ [43;33m[[43;30mWARNING[43;33m][0m [1mNG8107: NG8107: The left side of this optional chain operation does not include 'null' or 'undefined' in its type, therefore the '?.' operator can be replaced with the '.' operator. Find more at https://v21.angular.dev/extended-diagnostics/NG8107[0m [1m[35m[plugin angular-compiler][0m

    src/app/widget/widget.component.ts:91:36:
[37m      91 │             <button *ngIf="chatRef?.[32mdebugButtonVisible[37m"
         ╵                                     [32m~~~~~~~~~~~~~~~~~~[0m


[33m▲ [43;33m[[43;30mWARNING[43;33m][0m [1mNG8107: NG8107: The left side of this optional chain operation does not include 'null' or 'undefined' in its type, therefore the '?.' operator can be replaced with the '.' operator. Find more at https://v21.angular.dev/extended-diagnostics/NG8107[0m [1m[35m[plugin angular-compiler][0m

    src/app/widget/widget.component.ts:93:44:
[37m      93 │                     [class.is-on]="chatRef?.[32mshowDebug[37m"
         ╵                                             [32m~~~~~~~~~[0m


[33m▲ [43;33m[[43;30mWARNING[43;33m][0m [1mNG8107: NG8107: The left side of this optional chain operation does not include 'null' or 'undefined' in its type, therefore the '?.' operator can be replaced with the '.' operator. Find more at https://v21.angular.dev/extended-diagnostics/NG8107[0m [1m[35m[plugin angular-compiler][0m

    src/app/widget/widget.component.ts:94:46:
[37m      94 │                     [class.is-off]="!chatRef?.[32mshowDebug[37m"
         ╵                                               [32m~~~~~~~~~[0m


[33m▲ [43;33m[[43;30mWARNING[43;33m][0m [1mNG8107: NG8107: The left side of this optional chain operation does not include 'null' or 'undefined' in its type, therefore the '?.' operator can be replaced with the '.' operator. Find more at https://v21.angular.dev/extended-diagnostics/NG8107[0m [1m[35m[plugin angular-compiler][0m

    src/app/widget/widget.component.ts:95:38:
[37m      95 │                     (click)="chatRef?.[32mtoggleDebug[37m()"
         ╵                                       [32m~~~~~~~~~~~[0m


[33m▲ [43;33m[[43;30mWARNING[43;33m][0m [1mNG8107: NG8107: The left side of this optional chain operation does not include 'null' or 'undefined' in its type, therefore the '?.' operator can be replaced with the '.' operator. Find more at https://v21.angular.dev/extended-diagnostics/NG8107[0m [1m[35m[plugin angular-compiler][0m

    src/app/widget/widget.component.ts:96:38:
[37m      96 │ ...          [title]="chatRef?.[32mshowDebug[37m ? 'Debug aus' : 'Debug an'">
         ╵                                [32m~~~~~~~~~[0m


[33m▲ [43;33m[[43;30mWARNING[43;33m][0m [1mNG8107: NG8107: The left side of this optional chain operation does not include 'null' or 'undefined' in its type, therefore the '?.' operator can be replaced with the '.' operator. Find more at https://v21.angular.dev/extended-diagnostics/NG8107[0m [1m[35m[plugin angular-compiler][0m

    src/app/widget/widget.component.ts:103:38:
[37m      103 │                     (click)="chatRef?.[32mrestart[37m()"
          ╵                                       [32m~~~~~~~[0m

[39m[22m
[1m[33m[33m▲ [43;33m[[43;30mWARNING[43;33m][0m [1mNG8107: NG8107: The left side of this optional chain operation does not include 'null' or 'undefined' in its type, therefore the '?.' operator can be replaced with the '.' operator. Find more at https://v21.angular.dev/extended-diagnostics/NG8107[0m [1m[35m[plugin angular-compiler][0m

    src/app/canvas/canvas.component.html:37:63:
[37m      37 │ ...an class="count" *ngIf="cards?.[32mlength[37m">({{ cards.length }})</span>
         ╵                                   [32m~~~~~~[0m

  Warning occurs in the template of component CanvasComponent.

    src/app/canvas/canvas.component.ts:37:15:
[37m      37 │   templateUrl: [32m'./canvas.component.html'[37m,
         ╵                [32m~~~~~~~~~~~~~~~~~~~~~~~~~[0m


[33m▲ [43;33m[[43;30mWARNING[43;33m][0m [1mNG8107: NG8107: The left side of this optional chain operation does not include 'null' or 'undefined' in its type, therefore the '?.' operator can be replaced with the '.' operator. Find more at https://v21.angular.dev/extended-diagnostics/NG8107[0m [1m[35m[plugin angular-compiler][0m

    src/app/canvas/canvas.component.html:200:72:
[37m      200 │ ... Tab öffnen' + (previewCard?[32m.titl[37me ? ': ' + previewCard.title...
          ╵                                [32m~~~~~[0m

  Warning occurs in the template of component CanvasComponent.

    src/app/canvas/canvas.component.ts:37:15:
[37m      37 │   templateUrl: [32m'./canvas.component.html'[37m,
         ╵                [32m~~~~~~~~~~~~~~~~~~~~~~~~~[0m


[33m▲ [43;33m[[43;30mWARNING[43;33m][0m [1mNG8107: NG8107: The left side of this optional chain operation does not include 'null' or 'undefined' in its type, therefore the '?.' operator can be replaced with the '.' operator. Find more at https://v21.angular.dev/extended-diagnostics/NG8107[0m [1m[35m[plugin angular-compiler][0m

    src/app/canvas/canvas.component.html:511:26:
[37m      511 │       <div *ngIf="!cards?.[32mlength[37m" class="canvas-empty">
          ╵                           [32m~~~~~~[0m

  Warning occurs in the template of component CanvasComponent.

    src/app/canvas/canvas.component.ts:37:15:
[37m      37 │   templateUrl: [32m'./canvas.component.html'[37m,
         ╵                [32m~~~~~~~~~~~~~~~~~~~~~~~~~[0m


[33m▲ [43;33m[[43;30mWARNING[43;33m][0m [1mNG8107: NG8107: The left side of this optional chain operation does not include 'null' or 'undefined' in its type, therefore the '?.' operator can be replaced with the '.' operator. Find more at https://v21.angular.dev/extended-diagnostics/NG8107[0m [1m[35m[plugin angular-compiler][0m

    src/app/canvas/canvas.component.html:520:25:
[37m      520 │       <div *ngIf="cards?.[32mlength[37m" class="canvas-pagination">
          ╵                          [32m~~~~~~[0m

  Warning occurs in the template of component CanvasComponent.

    src/app/canvas/canvas.component.ts:37:15:
[37m      37 │   templateUrl: [32m'./canvas.component.html'[37m,
         ╵                [32m~~~~~~~~~~~~~~~~~~~~~~~~~[0m


[33m▲ [43;33m[[43;30mWARNING[43;33m][0m [1mNG8107: NG8107: The left side of this optional chain operation does not include 'null' or 'undefined' in its type, therefore the '?.' operator can be replaced with the '.' operator. Find more at https://v21.angular.dev/extended-diagnostics/NG8107[0m [1m[35m[plugin angular-compiler][0m

    src/app/chat/chat.component.html:148:58:
[37m      148 │           <div class="result-groups" *ngIf="tp.swimlanes?.[32mlength[37m">
          ╵                                                           [32m~~~~~~[0m

  Warning occurs in the template of component ChatComponent.

    src/app/chat/chat.component.ts:126:15:
[37m      126 │   templateUrl: [32m'./chat.component.html'[37m,
          ╵                [32m~~~~~~~~~~~~~~~~~~~~~~~[0m


[33m▲ [43;33m[[43;30mWARNING[43;33m][0m [1mNG8113: CanvasComponent is not used within the template of WidgetComponent[0m [1m[35m[plugin angular-compiler][0m

    src/app/widget/widget.component.ts:48:41:
[37m      48 │ ...orts: [CommonModule, ChatComponent, [32mCanvasComponent[37m, SafeSvgPipe],
         ╵                                        [32m~~~~~~~~~~~~~~~[0m


[33m▲ [43;33m[[43;30mWARNING[43;33m][0m [1mNG8107: NG8107: The left side of this optional chain operation does not include 'null' or 'undefined' in its type, therefore the '?.' operator can be replaced with the '.' operator. Find more at https://v21.angular.dev/extended-diagnostics/NG8107[0m [1m[35m[plugin angular-compiler][0m

    src/app/widget/widget.component.ts:64:47:
[37m      64 │                  [class.is-thinking]="chatRef?.[32misLoading[37m"
         ╵                                                [32m~~~~~~~~~[0m


[33m▲ [43;33m[[43;30mWARNING[43;33m][0m [1mNG8107: NG8107: The left side of this optional chain operation does not include 'null' or 'undefined' in its type, therefore the '?.' operator can be replaced with the '.' operator. Find more at https://v21.angular.dev/extended-diagnostics/NG8107[0m [1m[35m[plugin angular-compiler][0m

    src/app/widget/widget.component.ts:65:47:
[37m      65 │ ...   [class.is-speaking]="chatRef?.[32mautoSpeak[37m && chatRef?.isSpeaking"
         ╵                                     [32m~~~~~~~~~[0m


[33m▲ [43;33m[[43;30mWARNING[43;33m][0m [1mNG8107: NG8107: The left side of this optional chain operation does not include 'null' or 'undefined' in its type, therefore the '?.' operator can be replaced with the '.' operator. Find more at https://v21.angular.dev/extended-diagnostics/NG8107[0m [1m[35m[plugin angular-compiler][0m

    src/app/widget/widget.component.ts:65:69:
[37m      65 │ ...   [class.is-speaking]="chatRef?.autoSpeak && chatRef?.[32misSpeaking[37m"
         ╵                                                           [32m~~~~~~~~~~[0m


[33m▲ [43;33m[[43;30mWARNING[43;33m][0m [1mNG8107: NG8107: The left side of this optional chain operation does not include 'null' or 'undefined' in its type, therefore the '?.' operator can be replaced with the '.' operator. Find more at https://v21.angular.dev/extended-diagnostics/NG8107[0m [1m[35m[plugin angular-compiler][0m

    src/app/widget/widget.component.ts:69:58:
[37m      69 │ ...s="boerdi-status" *ngIf="chatRef?.[32misLoading[37m">denkt nach …</span>
         ╵                                      [32m~~~~~~~~~[0m


[33m▲ [43;33m[[43;30mWARNING[43;33m][0m [1mNG8107: NG8107: The left side of this optional chain operation does not include 'null' or 'undefined' in its type, therefore the '?.' operator can be replaced with the '.' operator. Find more at https://v21.angular.dev/extended-diagnostics/NG8107[0m [1m[35m[plugin angular-compiler][0m

    src/app/widget/widget.component.ts:70:59:
[37m      70 │ ...i-status" *ngIf="!chatRef?.[32misLoading[37m && chatRef?.autoSpeak && c...
         ╵                               [32m~~~~~~~~~[0m


[33m▲ [43;33m[[43;30mWARNING[43;33m][0m [1mNG8107: NG8107: The left side of this optional chain operation does not include 'null' or 'undefined' in its type, therefore the '?.' operator can be replaced with the '.' operator. Find more at https://v21.angular.dev/extended-diagnostics/NG8107[0m [1m[35m[plugin angular-compiler][0m

    src/app/widget/widget.component.ts:70:81:
[37m      70 │ ...Ref?.isLoading && chatRef?.[32mautoSpeak[37m && chatRef?.isSpeaking">sp...
         ╵                               [32m~~~~~~~~~[0m


[33m▲ [43;33m[[43;30mWARNING[43;33m][0m [1mNG8107: NG8107: The left side of this optional chain operation does not include 'null' or 'undefined' in its type, therefore the '?.' operator can be replaced with the '.' operator. Find more at https://v21.angular.dev/extended-diagnostics/NG8107[0m [1m[35m[plugin angular-compiler][0m

    src/app/widget/widget.component.ts:70:103:
[37m      70 │ ...g && chatRef?.autoSpeak && chatRef?.[32misSpeaking[37m">spricht …</span>
         ╵                                        [32m~~~~~~~~~~[0m


[33m▲ [43;33m[[43;30mWARNING[43;33m][0m [1mNG8107: NG8107: The left side of this optional chain operation does not include 'null' or 'undefined' in its type, therefore the '?.' operator can be replaced with the '.' operator. Find more at https://v21.angular.dev/extended-diagnostics/NG8107[0m [1m[35m[plugin angular-compiler][0m

    src/app/widget/widget.component.ts:82:36:
[37m      82 │             <button *ngIf="chatRef?.[32mlanguageButtonsVisible[37m"
         ╵                                     [32m~~~~~~~~~~~~~~~~~~~~~~[0m


[33m▲ [43;33m[[43;30mWARNING[43;33m][0m [1mNG8107: NG8107: The left side of this optional chain operation does not include 'null' or 'undefined' in its type, therefore the '?.' operator can be replaced with the '.' operator. Find more at https://v21.angular.dev/extended-diagnostics/NG8107[0m [1m[35m[plugin angular-compiler][0m

    src/app/widget/widget.component.ts:84:44:
[37m      84 │                     [class.is-on]="chatRef?.[32mautoSpeak[37m"
         ╵                                             [32m~~~~~~~~~[0m


[33m▲ [43;33m[[43;30mWARNING[43;33m][0m [1mNG8107: NG8107: The left side of this optional chain operation does not include 'null' or 'undefined' in its type, therefore the '?.' operator can be replaced with the '.' operator. Find more at https://v21.angular.dev/extended-diagnostics/NG8107[0m [1m[35m[plugin angular-compiler][0m

    src/app/widget/widget.component.ts:85:46:
[37m      85 │                     [class.is-off]="!chatRef?.[32mautoSpeak[37m"
         ╵                                               [32m~~~~~~~~~[0m


[33m▲ [43;33m[[43;30mWARNING[43;33m][0m [1mNG8107: NG8107: The left side of this optional chain operation does not include 'null' or 'undefined' in its type, therefore the '?.' operator can be replaced with the '.' operator. Find more at https://v21.angular.dev/extended-diagnostics/NG8107[0m [1m[35m[plugin angular-compiler][0m

    src/app/widget/widget.component.ts:86:38:
[37m      86 │                     (click)="chatRef?.[32mtoggleAutoSpeak[37m()"
         ╵                                       [32m~~~~~~~~~~~~~~~[0m


[33m▲ [43;33m[[43;30mWARNING[43;33m][0m [1mNG8107: NG8107: The left side of this optional chain operation does not include 'null' or 'undefined' in its type, therefore the '?.' operator can be replaced with the '.' operator. Find more at https://v21.angular.dev/extended-diagnostics/NG8107[0m [1m[35m[plugin angular-compiler][0m

    src/app/widget/widget.component.ts:87:38:
[37m      87 │ ...         [title]="chatRef?.[32mautoSpeak[37m ? 'Sprachausgabe aus' : 'S...
         ╵                               [32m~~~~~~~~~[0m


[33m▲ [43;33m[[43;30mWARNING[43;33m][0m [1mNG8107: NG8107: The left side of this optional chain operation does not include 'null' or 'undefined' in its type, therefore the '?.' operator can be replaced with the '.' operator. Find more at https://v21.angular.dev/extended-diagnostics/NG8107[0m [1m[35m[plugin angular-compiler][0m

    src/app/widget/widget.component.ts:89:43:
[37m      89 │ ...    [innerHTML]="(chatRef?.[32mautoSpeak[37m ? ICONS.volume_up : ICONS....
         ╵                               [32m~~~~~~~~~[0m


[33m▲ [43;33m[[43;30mWARNING[43;33m][0m [1mNG8107: NG8107: The left side of this optional chain operation does not include 'null' or 'undefined' in its type, therefore the '?.' operator can be replaced with the '.' operator. Find more at https://v21.angular.dev/extended-diagnostics/NG8107[0m [1m[35m[plugin angular-compiler][0m

    src/app/widget/widget.component.ts:91:36:
[37m      91 │             <button *ngIf="chatRef?.[32mdebugButtonVisible[37m"
         ╵                                     [32m~~~~~~~~~~~~~~~~~~[0m


[33m▲ [43;33m[[43;30mWARNING[43;33m][0m [1mNG8107: NG8107: The left side of this optional chain operation does not include 'null' or 'undefined' in its type, therefore the '?.' operator can be replaced with the '.' operator. Find more at https://v21.angular.dev/extended-diagnostics/NG8107[0m [1m[35m[plugin angular-compiler][0m

    src/app/widget/widget.component.ts:93:44:
[37m      93 │                     [class.is-on]="chatRef?.[32mshowDebug[37m"
         ╵                                             [32m~~~~~~~~~[0m


[33m▲ [43;33m[[43;30mWARNING[43;33m][0m [1mNG8107: NG8107: The left side of this optional chain operation does not include 'null' or 'undefined' in its type, therefore the '?.' operator can be replaced with the '.' operator. Find more at https://v21.angular.dev/extended-diagnostics/NG8107[0m [1m[35m[plugin angular-compiler][0m

    src/app/widget/widget.component.ts:94:46:
[37m      94 │                     [class.is-off]="!chatRef?.[32mshowDebug[37m"
         ╵                                               [32m~~~~~~~~~[0m


[33m▲ [43;33m[[43;30mWARNING[43;33m][0m [1mNG8107: NG8107: The left side of this optional chain operation does not include 'null' or 'undefined' in its type, therefore the '?.' operator can be replaced with the '.' operator. Find more at https://v21.angular.dev/extended-diagnostics/NG8107[0m [1m[35m[plugin angular-compiler][0m

    src/app/widget/widget.component.ts:95:38:
[37m      95 │                     (click)="chatRef?.[32mtoggleDebug[37m()"
         ╵                                       [32m~~~~~~~~~~~[0m


[33m▲ [43;33m[[43;30mWARNING[43;33m][0m [1mNG8107: NG8107: The left side of this optional chain operation does not include 'null' or 'undefined' in its type, therefore the '?.' operator can be replaced with the '.' operator. Find more at https://v21.angular.dev/extended-diagnostics/NG8107[0m [1m[35m[plugin angular-compiler][0m

    src/app/widget/widget.component.ts:96:38:
[37m      96 │ ...          [title]="chatRef?.[32mshowDebug[37m ? 'Debug aus' : 'Debug an'">
         ╵                                [32m~~~~~~~~~[0m


[33m▲ [43;33m[[43;30mWARNING[43;33m][0m [1mNG8107: NG8107: The left side of this optional chain operation does not include 'null' or 'undefined' in its type, therefore the '?.' operator can be replaced with the '.' operator. Find more at https://v21.angular.dev/extended-diagnostics/NG8107[0m [1m[35m[plugin angular-compiler][0m

    src/app/widget/widget.component.ts:103:38:
[37m      103 │                     (click)="chatRef?.[32mrestart[37m()"
          ╵                                       [32m~~~~~~~[0m

[39m[22m
[1m[31m[31mX [41;31m[[41;97mERROR[41;31m][0m [1mTS2339: Property 'TOUR_START_LABEL' does not exist on type 'typeof ChatComponent'.[0m [1m[35m[plugin angular-compiler][0m

    src/app/chat/chat.component.ts:417:20:
[37m      417 │       ChatComponent.[32mTOUR_START_LABEL[37m,
          ╵                     [32m~~~~~~~~~~~~~~~~[0m

[39m[22m
[1m[33m[33m▲ [43;33m[[43;30mWARNING[43;33m][0m [1mNG8107: NG8107: The left side of this optional chain operation does not include 'null' or 'undefined' in its type, therefore the '?.' operator can be replaced with the '.' operator. Find more at https://v21.angular.dev/extended-diagnostics/NG8107[0m [1m[35m[plugin angular-compiler][0m

    src/app/canvas/canvas.component.html:37:63:
[37m      37 │ ...an class="count" *ngIf="cards?.[32mlength[37m">({{ cards.length }})</span>
         ╵                                   [32m~~~~~~[0m

  Warning occurs in the template of component CanvasComponent.

    src/app/canvas/canvas.component.ts:37:15:
[37m      37 │   templateUrl: [32m'./canvas.component.html'[37m,
         ╵                [32m~~~~~~~~~~~~~~~~~~~~~~~~~[0m


[33m▲ [43;33m[[43;30mWARNING[43;33m][0m [1mNG8107: NG8107: The left side of this optional chain operation does not include 'null' or 'undefined' in its type, therefore the '?.' operator can be replaced with the '.' operator. Find more at https://v21.angular.dev/extended-diagnostics/NG8107[0m [1m[35m[plugin angular-compiler][0m

    src/app/canvas/canvas.component.html:200:72:
[37m      200 │ ... Tab öffnen' + (previewCard?[32m.titl[37me ? ': ' + previewCard.title...
          ╵                                [32m~~~~~[0m

  Warning occurs in the template of component CanvasComponent.

    src/app/canvas/canvas.component.ts:37:15:
[37m      37 │   templateUrl: [32m'./canvas.component.html'[37m,
         ╵                [32m~~~~~~~~~~~~~~~~~~~~~~~~~[0m


[33m▲ [43;33m[[43;30mWARNING[43;33m][0m [1mNG8107: NG8107: The left side of this optional chain operation does not include 'null' or 'undefined' in its type, therefore the '?.' operator can be replaced with the '.' operator. Find more at https://v21.angular.dev/extended-diagnostics/NG8107[0m [1m[35m[plugin angular-compiler][0m

    src/app/canvas/canvas.component.html:511:26:
[37m      511 │       <div *ngIf="!cards?.[32mlength[37m" class="canvas-empty">
          ╵                           [32m~~~~~~[0m

  Warning occurs in the template of component CanvasComponent.

    src/app/canvas/canvas.component.ts:37:15:
[37m      37 │   templateUrl: [32m'./canvas.component.html'[37m,
         ╵                [32m~~~~~~~~~~~~~~~~~~~~~~~~~[0m


[33m▲ [43;33m[[43;30mWARNING[43;33m][0m [1mNG8107: NG8107: The left side of this optional chain operation does not include 'null' or 'undefined' in its type, therefore the '?.' operator can be replaced with the '.' operator. Find more at https://v21.angular.dev/extended-diagnostics/NG8107[0m [1m[35m[plugin angular-compiler][0m

    src/app/canvas/canvas.component.html:520:25:
[37m      520 │       <div *ngIf="cards?.[32mlength[37m" class="canvas-pagination">
          ╵                          [32m~~~~~~[0m

  Warning occurs in the template of component CanvasComponent.

    src/app/canvas/canvas.component.ts:37:15:
[37m      37 │   templateUrl: [32m'./canvas.component.html'[37m,
         ╵                [32m~~~~~~~~~~~~~~~~~~~~~~~~~[0m


[33m▲ [43;33m[[43;30mWARNING[43;33m][0m [1mNG8107: NG8107: The left side of this optional chain operation does not include 'null' or 'undefined' in its type, therefore the '?.' operator can be replaced with the '.' operator. Find more at https://v21.angular.dev/extended-diagnostics/NG8107[0m [1m[35m[plugin angular-compiler][0m

    src/app/chat/chat.component.html:148:58:
[37m      148 │           <div class="result-groups" *ngIf="tp.swimlanes?.[32mlength[37m">
          ╵                                                           [32m~~~~~~[0m

  Warning occurs in the template of component ChatComponent.

    src/app/chat/chat.component.ts:126:15:
[37m      126 │   templateUrl: [32m'./chat.component.html'[37m,
          ╵                [32m~~~~~~~~~~~~~~~~~~~~~~~[0m


[33m▲ [43;33m[[43;30mWARNING[43;33m][0m [1mNG8113: CanvasComponent is not used within the template of WidgetComponent[0m [1m[35m[plugin angular-compiler][0m

    src/app/widget/widget.component.ts:48:41:
[37m      48 │ ...orts: [CommonModule, ChatComponent, [32mCanvasComponent[37m, SafeSvgPipe],
         ╵                                        [32m~~~~~~~~~~~~~~~[0m


[33m▲ [43;33m[[43;30mWARNING[43;33m][0m [1mNG8107: NG8107: The left side of this optional chain operation does not include 'null' or 'undefined' in its type, therefore the '?.' operator can be replaced with the '.' operator. Find more at https://v21.angular.dev/extended-diagnostics/NG8107[0m [1m[35m[plugin angular-compiler][0m

    src/app/widget/widget.component.ts:64:47:
[37m      64 │                  [class.is-thinking]="chatRef?.[32misLoading[37m"
         ╵                                                [32m~~~~~~~~~[0m


[33m▲ [43;33m[[43;30mWARNING[43;33m][0m [1mNG8107: NG8107: The left side of this optional chain operation does not include 'null' or 'undefined' in its type, therefore the '?.' operator can be replaced with the '.' operator. Find more at https://v21.angular.dev/extended-diagnostics/NG8107[0m [1m[35m[plugin angular-compiler][0m

    src/app/widget/widget.component.ts:65:47:
[37m      65 │ ...   [class.is-speaking]="chatRef?.[32mautoSpeak[37m && chatRef?.isSpeaking"
         ╵                                     [32m~~~~~~~~~[0m


[33m▲ [43;33m[[43;30mWARNING[43;33m][0m [1mNG8107: NG8107: The left side of this optional chain operation does not include 'null' or 'undefined' in its type, therefore the '?.' operator can be replaced with the '.' operator. Find more at https://v21.angular.dev/extended-diagnostics/NG8107[0m [1m[35m[plugin angular-compiler][0m

    src/app/widget/widget.component.ts:65:69:
[37m      65 │ ...   [class.is-speaking]="chatRef?.autoSpeak && chatRef?.[32misSpeaking[37m"
         ╵                                                           [32m~~~~~~~~~~[0m


[33m▲ [43;33m[[43;30mWARNING[43;33m][0m [1mNG8107: NG8107: The left side of this optional chain operation does not include 'null' or 'undefined' in its type, therefore the '?.' operator can be replaced with the '.' operator. Find more at https://v21.angular.dev/extended-diagnostics/NG8107[0m [1m[35m[plugin angular-compiler][0m

    src/app/widget/widget.component.ts:69:58:
[37m      69 │ ...s="boerdi-status" *ngIf="chatRef?.[32misLoading[37m">denkt nach …</span>
         ╵                                      [32m~~~~~~~~~[0m


[33m▲ [43;33m[[43;30mWARNING[43;33m][0m [1mNG8107: NG8107: The left side of this optional chain operation does not include 'null' or 'undefined' in its type, therefore the '?.' operator can be replaced with the '.' operator. Find more at https://v21.angular.dev/extended-diagnostics/NG8107[0m [1m[35m[plugin angular-compiler][0m

    src/app/widget/widget.component.ts:70:59:
[37m      70 │ ...i-status" *ngIf="!chatRef?.[32misLoading[37m && chatRef?.autoSpeak && c...
         ╵                               [32m~~~~~~~~~[0m


[33m▲ [43;33m[[43;30mWARNING[43;33m][0m [1mNG8107: NG8107: The left side of this optional chain operation does not include 'null' or 'undefined' in its type, therefore the '?.' operator can be replaced with the '.' operator. Find more at https://v21.angular.dev/extended-diagnostics/NG8107[0m [1m[35m[plugin angular-compiler][0m

    src/app/widget/widget.component.ts:70:81:
[37m      70 │ ...Ref?.isLoading && chatRef?.[32mautoSpeak[37m && chatRef?.isSpeaking">sp...
         ╵                               [32m~~~~~~~~~[0m


[33m▲ [43;33m[[43;30mWARNING[43;33m][0m [1mNG8107: NG8107: The left side of this optional chain operation does not include 'null' or 'undefined' in its type, therefore the '?.' operator can be replaced with the '.' operator. Find more at https://v21.angular.dev/extended-diagnostics/NG8107[0m [1m[35m[plugin angular-compiler][0m

    src/app/widget/widget.component.ts:70:103:
[37m      70 │ ...g && chatRef?.autoSpeak && chatRef?.[32misSpeaking[37m">spricht …</span>
         ╵                                        [32m~~~~~~~~~~[0m


[33m▲ [43;33m[[43;30mWARNING[43;33m][0m [1mNG8107: NG8107: The left side of this optional chain operation does not include 'null' or 'undefined' in its type, therefore the '?.' operator can be replaced with the '.' operator. Find more at https://v21.angular.dev/extended-diagnostics/NG8107[0m [1m[35m[plugin angular-compiler][0m

    src/app/widget/widget.component.ts:82:36:
[37m      82 │             <button *ngIf="chatRef?.[32mlanguageButtonsVisible[37m"
         ╵                                     [32m~~~~~~~~~~~~~~~~~~~~~~[0m


[33m▲ [43;33m[[43;30mWARNING[43;33m][0m [1mNG8107: NG8107: The left side of this optional chain operation does not include 'null' or 'undefined' in its type, therefore the '?.' operator can be replaced with the '.' operator. Find more at https://v21.angular.dev/extended-diagnostics/NG8107[0m [1m[35m[plugin angular-compiler][0m

    src/app/widget/widget.component.ts:84:44:
[37m      84 │                     [class.is-on]="chatRef?.[32mautoSpeak[37m"
         ╵                                             [32m~~~~~~~~~[0m


[33m▲ [43;33m[[43;30mWARNING[43;33m][0m [1mNG8107: NG8107: The left side of this optional chain operation does not include 'null' or 'undefined' in its type, therefore the '?.' operator can be replaced with the '.' operator. Find more at https://v21.angular.dev/extended-diagnostics/NG8107[0m [1m[35m[plugin angular-compiler][0m

    src/app/widget/widget.component.ts:85:46:
[37m      85 │                     [class.is-off]="!chatRef?.[32mautoSpeak[37m"
         ╵                                               [32m~~~~~~~~~[0m


[33m▲ [43;33m[[43;30mWARNING[43;33m][0m [1mNG8107: NG8107: The left side of this optional chain operation does not include 'null' or 'undefined' in its type, therefore the '?.' operator can be replaced with the '.' operator. Find more at https://v21.angular.dev/extended-diagnostics/NG8107[0m [1m[35m[plugin angular-compiler][0m

    src/app/widget/widget.component.ts:86:38:
[37m      86 │                     (click)="chatRef?.[32mtoggleAutoSpeak[37m()"
         ╵                                       [32m~~~~~~~~~~~~~~~[0m


[33m▲ [43;33m[[43;30mWARNING[43;33m][0m [1mNG8107: NG8107: The left side of this optional chain operation does not include 'null' or 'undefined' in its type, therefore the '?.' operator can be replaced with the '.' operator. Find more at https://v21.angular.dev/extended-diagnostics/NG8107[0m [1m[35m[plugin angular-compiler][0m

    src/app/widget/widget.component.ts:87:38:
[37m      87 │ ...         [title]="chatRef?.[32mautoSpeak[37m ? 'Sprachausgabe aus' : 'S...
         ╵                               [32m~~~~~~~~~[0m


[33m▲ [43;33m[[43;30mWARNING[43;33m][0m [1mNG8107: NG8107: The left side of this optional chain operation does not include 'null' or 'undefined' in its type, therefore the '?.' operator can be replaced with the '.' operator. Find more at https://v21.angular.dev/extended-diagnostics/NG8107[0m [1m[35m[plugin angular-compiler][0m

    src/app/widget/widget.component.ts:89:43:
[37m      89 │ ...    [innerHTML]="(chatRef?.[32mautoSpeak[37m ? ICONS.volume_up : ICONS....
         ╵                               [32m~~~~~~~~~[0m


[33m▲ [43;33m[[43;30mWARNING[43;33m][0m [1mNG8107: NG8107: The left side of this optional chain operation does not include 'null' or 'undefined' in its type, therefore the '?.' operator can be replaced with the '.' operator. Find more at https://v21.angular.dev/extended-diagnostics/NG8107[0m [1m[35m[plugin angular-compiler][0m

    src/app/widget/widget.component.ts:91:36:
[37m      91 │             <button *ngIf="chatRef?.[32mdebugButtonVisible[37m"
         ╵                                     [32m~~~~~~~~~~~~~~~~~~[0m


[33m▲ [43;33m[[43;30mWARNING[43;33m][0m [1mNG8107: NG8107: The left side of this optional chain operation does not include 'null' or 'undefined' in its type, therefore the '?.' operator can be replaced with the '.' operator. Find more at https://v21.angular.dev/extended-diagnostics/NG8107[0m [1m[35m[plugin angular-compiler][0m

    src/app/widget/widget.component.ts:93:44:
[37m      93 │                     [class.is-on]="chatRef?.[32mshowDebug[37m"
         ╵                                             [32m~~~~~~~~~[0m


[33m▲ [43;33m[[43;30mWARNING[43;33m][0m [1mNG8107: NG8107: The left side of this optional chain operation does not include 'null' or 'undefined' in its type, therefore the '?.' operator can be replaced with the '.' operator. Find more at https://v21.angular.dev/extended-diagnostics/NG8107[0m [1m[35m[plugin angular-compiler][0m

    src/app/widget/widget.component.ts:94:46:
[37m      94 │                     [class.is-off]="!chatRef?.[32mshowDebug[37m"
         ╵                                               [32m~~~~~~~~~[0m


[33m▲ [43;33m[[43;30mWARNING[43;33m][0m [1mNG8107: NG8107: The left side of this optional chain operation does not include 'null' or 'undefined' in its type, therefore the '?.' operator can be replaced with the '.' operator. Find more at https://v21.angular.dev/extended-diagnostics/NG8107[0m [1m[35m[plugin angular-compiler][0m

    src/app/widget/widget.component.ts:95:38:
[37m      95 │                     (click)="chatRef?.[32mtoggleDebug[37m()"
         ╵                                       [32m~~~~~~~~~~~[0m


[33m▲ [43;33m[[43;30mWARNING[43;33m][0m [1mNG8107: NG8107: The left side of this optional chain operation does not include 'null' or 'undefined' in its type, therefore the '?.' operator can be replaced with the '.' operator. Find more at https://v21.angular.dev/extended-diagnostics/NG8107[0m [1m[35m[plugin angular-compiler][0m

    src/app/widget/widget.component.ts:96:38:
[37m      96 │ ...          [title]="chatRef?.[32mshowDebug[37m ? 'Debug aus' : 'Debug an'">
         ╵                                [32m~~~~~~~~~[0m


[33m▲ [43;33m[[43;30mWARNING[43;33m][0m [1mNG8107: NG8107: The left side of this optional chain operation does not include 'null' or 'undefined' in its type, therefore the '?.' operator can be replaced with the '.' operator. Find more at https://v21.angular.dev/extended-diagnostics/NG8107[0m [1m[35m[plugin angular-compiler][0m

    src/app/widget/widget.component.ts:103:38:
[37m      103 │                     (click)="chatRef?.[32mrestart[37m()"
          ╵                                       [32m~~~~~~~[0m

[39m[22m
[1m[31m[31mX [41;31m[[41;97mERROR[41;31m][0m [1mTS2339: Property 'TOUR_START_LABEL' does not exist on type 'typeof ChatComponent'.[0m [1m[35m[plugin angular-compiler][0m

    src/app/chat/chat.component.ts:417:20:
[37m      417 │       ChatComponent.[32mTOUR_START_LABEL[37m,
          ╵                     [32m~~~~~~~~~~~~~~~~[0m


[31mX [41;31m[[41;97mERROR[41;31m][0m [1mTS2339: Property 'TOUR_START_LABEL' does not exist on type 'typeof ChatComponent'.[0m [1m[35m[plugin angular-compiler][0m

    src/app/chat/chat.component.ts:636:32:
[37m      636 │     if (reply === ChatComponent.[32mTOUR_START_LABEL[37m) {
          ╵                                 [32m~~~~~~~~~~~~~~~~[0m


[31mX [41;31m[[41;97mERROR[41;31m][0m [1mTS2339: Property 'startTour' does not exist on type 'ChatComponent'.[0m [1m[35m[plugin angular-compiler][0m

    src/app/chat/chat.component.ts:637:11:
[37m      637 │       this.[32mstartTour[37m();
          ╵            [32m~~~~~~~~~[0m

[39m[22m
[1m[33m[33m▲ [43;33m[[43;30mWARNING[43;33m][0m [1mNG8107: NG8107: The left side of this optional chain operation does not include 'null' or 'undefined' in its type, therefore the '?.' operator can be replaced with the '.' operator. Find more at https://v21.angular.dev/extended-diagnostics/NG8107[0m [1m[35m[plugin angular-compiler][0m

    src/app/canvas/canvas.component.html:37:63:
[37m      37 │ ...an class="count" *ngIf="cards?.[32mlength[37m">({{ cards.length }})</span>
         ╵                                   [32m~~~~~~[0m

  Warning occurs in the template of component CanvasComponent.

    src/app/canvas/canvas.component.ts:37:15:
[37m      37 │   templateUrl: [32m'./canvas.component.html'[37m,
         ╵                [32m~~~~~~~~~~~~~~~~~~~~~~~~~[0m


[33m▲ [43;33m[[43;30mWARNING[43;33m][0m [1mNG8107: NG8107: The left side of this optional chain operation does not include 'null' or 'undefined' in its type, therefore the '?.' operator can be replaced with the '.' operator. Find more at https://v21.angular.dev/extended-diagnostics/NG8107[0m [1m[35m[plugin angular-compiler][0m

    src/app/canvas/canvas.component.html:200:72:
[37m      200 │ ... Tab öffnen' + (previewCard?[32m.titl[37me ? ': ' + previewCard.title...
          ╵                                [32m~~~~~[0m

  Warning occurs in the template of component CanvasComponent.

    src/app/canvas/canvas.component.ts:37:15:
[37m      37 │   templateUrl: [32m'./canvas.component.html'[37m,
         ╵                [32m~~~~~~~~~~~~~~~~~~~~~~~~~[0m


[33m▲ [43;33m[[43;30mWARNING[43;33m][0m [1mNG8107: NG8107: The left side of this optional chain operation does not include 'null' or 'undefined' in its type, therefore the '?.' operator can be replaced with the '.' operator. Find more at https://v21.angular.dev/extended-diagnostics/NG8107[0m [1m[35m[plugin angular-compiler][0m

    src/app/canvas/canvas.component.html:511:26:
[37m      511 │       <div *ngIf="!cards?.[32mlength[37m" class="canvas-empty">
          ╵                           [32m~~~~~~[0m

  Warning occurs in the template of component CanvasComponent.

    src/app/canvas/canvas.component.ts:37:15:
[37m      37 │   templateUrl: [32m'./canvas.component.html'[37m,
         ╵                [32m~~~~~~~~~~~~~~~~~~~~~~~~~[0m


[33m▲ [43;33m[[43;30mWARNING[43;33m][0m [1mNG8107: NG8107: The left side of this optional chain operation does not include 'null' or 'undefined' in its type, therefore the '?.' operator can be replaced with the '.' operator. Find more at https://v21.angular.dev/extended-diagnostics/NG8107[0m [1m[35m[plugin angular-compiler][0m

    src/app/canvas/canvas.component.html:520:25:
[37m      520 │       <div *ngIf="cards?.[32mlength[37m" class="canvas-pagination">
          ╵                          [32m~~~~~~[0m

  Warning occurs in the template of component CanvasComponent.

    src/app/canvas/canvas.component.ts:37:15:
[37m      37 │   templateUrl: [32m'./canvas.component.html'[37m,
         ╵                [32m~~~~~~~~~~~~~~~~~~~~~~~~~[0m


[33m▲ [43;33m[[43;30mWARNING[43;33m][0m [1mNG8107: NG8107: The left side of this optional chain operation does not include 'null' or 'undefined' in its type, therefore the '?.' operator can be replaced with the '.' operator. Find more at https://v21.angular.dev/extended-diagnostics/NG8107[0m [1m[35m[plugin angular-compiler][0m

    src/app/chat/chat.component.html:148:58:
[37m      148 │           <div class="result-groups" *ngIf="tp.swimlanes?.[32mlength[37m">
          ╵                                                           [32m~~~~~~[0m

  Warning occurs in the template of component ChatComponent.

    src/app/chat/chat.component.ts:126:15:
[37m      126 │   templateUrl: [32m'./chat.component.html'[37m,
          ╵                [32m~~~~~~~~~~~~~~~~~~~~~~~[0m


[33m▲ [43;33m[[43;30mWARNING[43;33m][0m [1mNG8113: CanvasComponent is not used within the template of WidgetComponent[0m [1m[35m[plugin angular-compiler][0m

    src/app/widget/widget.component.ts:48:41:
[37m      48 │ ...orts: [CommonModule, ChatComponent, [32mCanvasComponent[37m, SafeSvgPipe],
         ╵                                        [32m~~~~~~~~~~~~~~~[0m


[33m▲ [43;33m[[43;30mWARNING[43;33m][0m [1mNG8107: NG8107: The left side of this optional chain operation does not include 'null' or 'undefined' in its type, therefore the '?.' operator can be replaced with the '.' operator. Find more at https://v21.angular.dev/extended-diagnostics/NG8107[0m [1m[35m[plugin angular-compiler][0m

    src/app/widget/widget.component.ts:64:47:
[37m      64 │                  [class.is-thinking]="chatRef?.[32misLoading[37m"
         ╵                                                [32m~~~~~~~~~[0m


[33m▲ [43;33m[[43;30mWARNING[43;33m][0m [1mNG8107: NG8107: The left side of this optional chain operation does not include 'null' or 'undefined' in its type, therefore the '?.' operator can be replaced with the '.' operator. Find more at https://v21.angular.dev/extended-diagnostics/NG8107[0m [1m[35m[plugin angular-compiler][0m

    src/app/widget/widget.component.ts:65:47:
[37m      65 │ ...   [class.is-speaking]="chatRef?.[32mautoSpeak[37m && chatRef?.isSpeaking"
         ╵                                     [32m~~~~~~~~~[0m


[33m▲ [43;33m[[43;30mWARNING[43;33m][0m [1mNG8107: NG8107: The left side of this optional chain operation does not include 'null' or 'undefined' in its type, therefore the '?.' operator can be replaced with the '.' operator. Find more at https://v21.angular.dev/extended-diagnostics/NG8107[0m [1m[35m[plugin angular-compiler][0m

    src/app/widget/widget.component.ts:65:69:
[37m      65 │ ...   [class.is-speaking]="chatRef?.autoSpeak && chatRef?.[32misSpeaking[37m"
         ╵                                                           [32m~~~~~~~~~~[0m


[33m▲ [43;33m[[43;30mWARNING[43;33m][0m [1mNG8107: NG8107: The left side of this optional chain operation does not include 'null' or 'undefined' in its type, therefore the '?.' operator can be replaced with the '.' operator. Find more at https://v21.angular.dev/extended-diagnostics/NG8107[0m [1m[35m[plugin angular-compiler][0m

    src/app/widget/widget.component.ts:69:58:
[37m      69 │ ...s="boerdi-status" *ngIf="chatRef?.[32misLoading[37m">denkt nach …</span>
         ╵                                      [32m~~~~~~~~~[0m


[33m▲ [43;33m[[43;30mWARNING[43;33m][0m [1mNG8107: NG8107: The left side of this optional chain operation does not include 'null' or 'undefined' in its type, therefore the '?.' operator can be replaced with the '.' operator. Find more at https://v21.angular.dev/extended-diagnostics/NG8107[0m [1m[35m[plugin angular-compiler][0m

    src/app/widget/widget.component.ts:70:59:
[37m      70 │ ...i-status" *ngIf="!chatRef?.[32misLoading[37m && chatRef?.autoSpeak && c...
         ╵                               [32m~~~~~~~~~[0m


[33m▲ [43;33m[[43;30mWARNING[43;33m][0m [1mNG8107: NG8107: The left side of this optional chain operation does not include 'null' or 'undefined' in its type, therefore the '?.' operator can be replaced with the '.' operator. Find more at https://v21.angular.dev/extended-diagnostics/NG8107[0m [1m[35m[plugin angular-compiler][0m

    src/app/widget/widget.component.ts:70:81:
[37m      70 │ ...Ref?.isLoading && chatRef?.[32mautoSpeak[37m && chatRef?.isSpeaking">sp...
         ╵                               [32m~~~~~~~~~[0m


[33m▲ [43;33m[[43;30mWARNING[43;33m][0m [1mNG8107: NG8107: The left side of this optional chain operation does not include 'null' or 'undefined' in its type, therefore the '?.' operator can be replaced with the '.' operator. Find more at https://v21.angular.dev/extended-diagnostics/NG8107[0m [1m[35m[plugin angular-compiler][0m

    src/app/widget/widget.component.ts:70:103:
[37m      70 │ ...g && chatRef?.autoSpeak && chatRef?.[32misSpeaking[37m">spricht …</span>
         ╵                                        [32m~~~~~~~~~~[0m


[33m▲ [43;33m[[43;30mWARNING[43;33m][0m [1mNG8107: NG8107: The left side of this optional chain operation does not include 'null' or 'undefined' in its type, therefore the '?.' operator can be replaced with the '.' operator. Find more at https://v21.angular.dev/extended-diagnostics/NG8107[0m [1m[35m[plugin angular-compiler][0m

    src/app/widget/widget.component.ts:82:36:
[37m      82 │             <button *ngIf="chatRef?.[32mlanguageButtonsVisible[37m"
         ╵                                     [32m~~~~~~~~~~~~~~~~~~~~~~[0m


[33m▲ [43;33m[[43;30mWARNING[43;33m][0m [1mNG8107: NG8107: The left side of this optional chain operation does not include 'null' or 'undefined' in its type, therefore the '?.' operator can be replaced with the '.' operator. Find more at https://v21.angular.dev/extended-diagnostics/NG8107[0m [1m[35m[plugin angular-compiler][0m

    src/app/widget/widget.component.ts:84:44:
[37m      84 │                     [class.is-on]="chatRef?.[32mautoSpeak[37m"
         ╵                                             [32m~~~~~~~~~[0m


[33m▲ [43;33m[[43;30mWARNING[43;33m][0m [1mNG8107: NG8107: The left side of this optional chain operation does not include 'null' or 'undefined' in its type, therefore the '?.' operator can be replaced with the '.' operator. Find more at https://v21.angular.dev/extended-diagnostics/NG8107[0m [1m[35m[plugin angular-compiler][0m

    src/app/widget/widget.component.ts:85:46:
[37m      85 │                     [class.is-off]="!chatRef?.[32mautoSpeak[37m"
         ╵                                               [32m~~~~~~~~~[0m


[33m▲ [43;33m[[43;30mWARNING[43;33m][0m [1mNG8107: NG8107: The left side of this optional chain operation does not include 'null' or 'undefined' in its type, therefore the '?.' operator can be replaced with the '.' operator. Find more at https://v21.angular.dev/extended-diagnostics/NG8107[0m [1m[35m[plugin angular-compiler][0m

    src/app/widget/widget.component.ts:86:38:
[37m      86 │                     (click)="chatRef?.[32mtoggleAutoSpeak[37m()"
         ╵                                       [32m~~~~~~~~~~~~~~~[0m


[33m▲ [43;33m[[43;30mWARNING[43;33m][0m [1mNG8107: NG8107: The left side of this optional chain operation does not include 'null' or 'undefined' in its type, therefore the '?.' operator can be replaced with the '.' operator. Find more at https://v21.angular.dev/extended-diagnostics/NG8107[0m [1m[35m[plugin angular-compiler][0m

    src/app/widget/widget.component.ts:87:38:
[37m      87 │ ...         [title]="chatRef?.[32mautoSpeak[37m ? 'Sprachausgabe aus' : 'S...
         ╵                               [32m~~~~~~~~~[0m


[33m▲ [43;33m[[43;30mWARNING[43;33m][0m [1mNG8107: NG8107: The left side of this optional chain operation does not include 'null' or 'undefined' in its type, therefore the '?.' operator can be replaced with the '.' operator. Find more at https://v21.angular.dev/extended-diagnostics/NG8107[0m [1m[35m[plugin angular-compiler][0m

    src/app/widget/widget.component.ts:89:43:
[37m      89 │ ...    [innerHTML]="(chatRef?.[32mautoSpeak[37m ? ICONS.volume_up : ICONS....
         ╵                               [32m~~~~~~~~~[0m


[33m▲ [43;33m[[43;30mWARNING[43;33m][0m [1mNG8107: NG8107: The left side of this optional chain operation does not include 'null' or 'undefined' in its type, therefore the '?.' operator can be replaced with the '.' operator. Find more at https://v21.angular.dev/extended-diagnostics/NG8107[0m [1m[35m[plugin angular-compiler][0m

    src/app/widget/widget.component.ts:91:36:
[37m      91 │             <button *ngIf="chatRef?.[32mdebugButtonVisible[37m"
         ╵                                     [32m~~~~~~~~~~~~~~~~~~[0m


[33m▲ [43;33m[[43;30mWARNING[43;33m][0m [1mNG8107: NG8107: The left side of this optional chain operation does not include 'null' or 'undefined' in its type, therefore the '?.' operator can be replaced with the '.' operator. Find more at https://v21.angular.dev/extended-diagnostics/NG8107[0m [1m[35m[plugin angular-compiler][0m

    src/app/widget/widget.component.ts:93:44:
[37m      93 │                     [class.is-on]="chatRef?.[32mshowDebug[37m"
         ╵                                             [32m~~~~~~~~~[0m


[33m▲ [43;33m[[43;30mWARNING[43;33m][0m [1mNG8107: NG8107: The left side of this optional chain operation does not include 'null' or 'undefined' in its type, therefore the '?.' operator can be replaced with the '.' operator. Find more at https://v21.angular.dev/extended-diagnostics/NG8107[0m [1m[35m[plugin angular-compiler][0m

    src/app/widget/widget.component.ts:94:46:
[37m      94 │                     [class.is-off]="!chatRef?.[32mshowDebug[37m"
         ╵                                               [32m~~~~~~~~~[0m


[33m▲ [43;33m[[43;30mWARNING[43;33m][0m [1mNG8107: NG8107: The left side of this optional chain operation does not include 'null' or 'undefined' in its type, therefore the '?.' operator can be replaced with the '.' operator. Find more at https://v21.angular.dev/extended-diagnostics/NG8107[0m [1m[35m[plugin angular-compiler][0m

    src/app/widget/widget.component.ts:95:38:
[37m      95 │                     (click)="chatRef?.[32mtoggleDebug[37m()"
         ╵                                       [32m~~~~~~~~~~~[0m


[33m▲ [43;33m[[43;30mWARNING[43;33m][0m [1mNG8107: NG8107: The left side of this optional chain operation does not include 'null' or 'undefined' in its type, therefore the '?.' operator can be replaced with the '.' operator. Find more at https://v21.angular.dev/extended-diagnostics/NG8107[0m [1m[35m[plugin angular-compiler][0m

    src/app/widget/widget.component.ts:96:38:
[37m      96 │ ...          [title]="chatRef?.[32mshowDebug[37m ? 'Debug aus' : 'Debug an'">
         ╵                                [32m~~~~~~~~~[0m


[33m▲ [43;33m[[43;30mWARNING[43;33m][0m [1mNG8107: NG8107: The left side of this optional chain operation does not include 'null' or 'undefined' in its type, therefore the '?.' operator can be replaced with the '.' operator. Find more at https://v21.angular.dev/extended-diagnostics/NG8107[0m [1m[35m[plugin angular-compiler][0m

    src/app/widget/widget.component.ts:103:38:
[37m      103 │                     (click)="chatRef?.[32mrestart[37m()"
          ╵                                       [32m~~~~~~~[0m

[39m[22m
[1m[33m[33m▲ [43;33m[[43;30mWARNING[43;33m][0m [1mNG8107: NG8107: The left side of this optional chain operation does not include 'null' or 'undefined' in its type, therefore the '?.' operator can be replaced with the '.' operator. Find more at https://v21.angular.dev/extended-diagnostics/NG8107[0m [1m[35m[plugin angular-compiler][0m

    src/app/canvas/canvas.component.html:37:63:
[37m      37 │ ...an class="count" *ngIf="cards?.[32mlength[37m">({{ cards.length }})</span>
         ╵                                   [32m~~~~~~[0m

  Warning occurs in the template of component CanvasComponent.

    src/app/canvas/canvas.component.ts:37:15:
[37m      37 │   templateUrl: [32m'./canvas.component.html'[37m,
         ╵                [32m~~~~~~~~~~~~~~~~~~~~~~~~~[0m


[33m▲ [43;33m[[43;30mWARNING[43;33m][0m [1mNG8107: NG8107: The left side of this optional chain operation does not include 'null' or 'undefined' in its type, therefore the '?.' operator can be replaced with the '.' operator. Find more at https://v21.angular.dev/extended-diagnostics/NG8107[0m [1m[35m[plugin angular-compiler][0m

    src/app/canvas/canvas.component.html:200:72:
[37m      200 │ ... Tab öffnen' + (previewCard?[32m.titl[37me ? ': ' + previewCard.title...
          ╵                                [32m~~~~~[0m

  Warning occurs in the template of component CanvasComponent.

    src/app/canvas/canvas.component.ts:37:15:
[37m      37 │   templateUrl: [32m'./canvas.component.html'[37m,
         ╵                [32m~~~~~~~~~~~~~~~~~~~~~~~~~[0m


[33m▲ [43;33m[[43;30mWARNING[43;33m][0m [1mNG8107: NG8107: The left side of this optional chain operation does not include 'null' or 'undefined' in its type, therefore the '?.' operator can be replaced with the '.' operator. Find more at https://v21.angular.dev/extended-diagnostics/NG8107[0m [1m[35m[plugin angular-compiler][0m

    src/app/canvas/canvas.component.html:511:26:
[37m      511 │       <div *ngIf="!cards?.[32mlength[37m" class="canvas-empty">
          ╵                           [32m~~~~~~[0m

  Warning occurs in the template of component CanvasComponent.

    src/app/canvas/canvas.component.ts:37:15:
[37m      37 │   templateUrl: [32m'./canvas.component.html'[37m,
         ╵                [32m~~~~~~~~~~~~~~~~~~~~~~~~~[0m


[33m▲ [43;33m[[43;30mWARNING[43;33m][0m [1mNG8107: NG8107: The left side of this optional chain operation does not include 'null' or 'undefined' in its type, therefore the '?.' operator can be replaced with the '.' operator. Find more at https://v21.angular.dev/extended-diagnostics/NG8107[0m [1m[35m[plugin angular-compiler][0m

    src/app/canvas/canvas.component.html:520:25:
[37m      520 │       <div *ngIf="cards?.[32mlength[37m" class="canvas-pagination">
          ╵                          [32m~~~~~~[0m

  Warning occurs in the template of component CanvasComponent.

    src/app/canvas/canvas.component.ts:37:15:
[37m      37 │   templateUrl: [32m'./canvas.component.html'[37m,
         ╵                [32m~~~~~~~~~~~~~~~~~~~~~~~~~[0m


[33m▲ [43;33m[[43;30mWARNING[43;33m][0m [1mNG8107: NG8107: The left side of this optional chain operation does not include 'null' or 'undefined' in its type, therefore the '?.' operator can be replaced with the '.' operator. Find more at https://v21.angular.dev/extended-diagnostics/NG8107[0m [1m[35m[plugin angular-compiler][0m

    src/app/chat/chat.component.html:148:58:
[37m      148 │           <div class="result-groups" *ngIf="tp.swimlanes?.[32mlength[37m">
          ╵                                                           [32m~~~~~~[0m

  Warning occurs in the template of component ChatComponent.

    src/app/chat/chat.component.ts:126:15:
[37m      126 │   templateUrl: [32m'./chat.component.html'[37m,
          ╵                [32m~~~~~~~~~~~~~~~~~~~~~~~[0m


[33m▲ [43;33m[[43;30mWARNING[43;33m][0m [1mNG8113: CanvasComponent is not used within the template of WidgetComponent[0m [1m[35m[plugin angular-compiler][0m

    src/app/widget/widget.component.ts:48:41:
[37m      48 │ ...orts: [CommonModule, ChatComponent, [32mCanvasComponent[37m, SafeSvgPipe],
         ╵                                        [32m~~~~~~~~~~~~~~~[0m


[33m▲ [43;33m[[43;30mWARNING[43;33m][0m [1mNG8107: NG8107: The left side of this optional chain operation does not include 'null' or 'undefined' in its type, therefore the '?.' operator can be replaced with the '.' operator. Find more at https://v21.angular.dev/extended-diagnostics/NG8107[0m [1m[35m[plugin angular-compiler][0m

    src/app/widget/widget.component.ts:64:47:
[37m      64 │                  [class.is-thinking]="chatRef?.[32misLoading[37m"
         ╵                                                [32m~~~~~~~~~[0m


[33m▲ [43;33m[[43;30mWARNING[43;33m][0m [1mNG8107: NG8107: The left side of this optional chain operation does not include 'null' or 'undefined' in its type, therefore the '?.' operator can be replaced with the '.' operator. Find more at https://v21.angular.dev/extended-diagnostics/NG8107[0m [1m[35m[plugin angular-compiler][0m

    src/app/widget/widget.component.ts:65:47:
[37m      65 │ ...   [class.is-speaking]="chatRef?.[32mautoSpeak[37m && chatRef?.isSpeaking"
         ╵                                     [32m~~~~~~~~~[0m


[33m▲ [43;33m[[43;30mWARNING[43;33m][0m [1mNG8107: NG8107: The left side of this optional chain operation does not include 'null' or 'undefined' in its type, therefore the '?.' operator can be replaced with the '.' operator. Find more at https://v21.angular.dev/extended-diagnostics/NG8107[0m [1m[35m[plugin angular-compiler][0m

    src/app/widget/widget.component.ts:65:69:
[37m      65 │ ...   [class.is-speaking]="chatRef?.autoSpeak && chatRef?.[32misSpeaking[37m"
         ╵                                                           [32m~~~~~~~~~~[0m


[33m▲ [43;33m[[43;30mWARNING[43;33m][0m [1mNG8107: NG8107: The left side of this optional chain operation does not include 'null' or 'undefined' in its type, therefore the '?.' operator can be replaced with the '.' operator. Find more at https://v21.angular.dev/extended-diagnostics/NG8107[0m [1m[35m[plugin angular-compiler][0m

    src/app/widget/widget.component.ts:69:58:
[37m      69 │ ...s="boerdi-status" *ngIf="chatRef?.[32misLoading[37m">denkt nach …</span>
         ╵                                      [32m~~~~~~~~~[0m


[33m▲ [43;33m[[43;30mWARNING[43;33m][0m [1mNG8107: NG8107: The left side of this optional chain operation does not include 'null' or 'undefined' in its type, therefore the '?.' operator can be replaced with the '.' operator. Find more at https://v21.angular.dev/extended-diagnostics/NG8107[0m [1m[35m[plugin angular-compiler][0m

    src/app/widget/widget.component.ts:70:59:
[37m      70 │ ...i-status" *ngIf="!chatRef?.[32misLoading[37m && chatRef?.autoSpeak && c...
         ╵                               [32m~~~~~~~~~[0m


[33m▲ [43;33m[[43;30mWARNING[43;33m][0m [1mNG8107: NG8107: The left side of this optional chain operation does not include 'null' or 'undefined' in its type, therefore the '?.' operator can be replaced with the '.' operator. Find more at https://v21.angular.dev/extended-diagnostics/NG8107[0m [1m[35m[plugin angular-compiler][0m

    src/app/widget/widget.component.ts:70:81:
[37m      70 │ ...Ref?.isLoading && chatRef?.[32mautoSpeak[37m && chatRef?.isSpeaking">sp...
         ╵                               [32m~~~~~~~~~[0m


[33m▲ [43;33m[[43;30mWARNING[43;33m][0m [1mNG8107: NG8107: The left side of this optional chain operation does not include 'null' or 'undefined' in its type, therefore the '?.' operator can be replaced with the '.' operator. Find more at https://v21.angular.dev/extended-diagnostics/NG8107[0m [1m[35m[plugin angular-compiler][0m

    src/app/widget/widget.component.ts:70:103:
[37m      70 │ ...g && chatRef?.autoSpeak && chatRef?.[32misSpeaking[37m">spricht …</span>
         ╵                                        [32m~~~~~~~~~~[0m


[33m▲ [43;33m[[43;30mWARNING[43;33m][0m [1mNG8107: NG8107: The left side of this optional chain operation does not include 'null' or 'undefined' in its type, therefore the '?.' operator can be replaced with the '.' operator. Find more at https://v21.angular.dev/extended-diagnostics/NG8107[0m [1m[35m[plugin angular-compiler][0m

    src/app/widget/widget.component.ts:82:36:
[37m      82 │             <button *ngIf="chatRef?.[32mlanguageButtonsVisible[37m"
         ╵                                     [32m~~~~~~~~~~~~~~~~~~~~~~[0m


[33m▲ [43;33m[[43;30mWARNING[43;33m][0m [1mNG8107: NG8107: The left side of this optional chain operation does not include 'null' or 'undefined' in its type, therefore the '?.' operator can be replaced with the '.' operator. Find more at https://v21.angular.dev/extended-diagnostics/NG8107[0m [1m[35m[plugin angular-compiler][0m

    src/app/widget/widget.component.ts:84:44:
[37m      84 │                     [class.is-on]="chatRef?.[32mautoSpeak[37m"
         ╵                                             [32m~~~~~~~~~[0m


[33m▲ [43;33m[[43;30mWARNING[43;33m][0m [1mNG8107: NG8107: The left side of this optional chain operation does not include 'null' or 'undefined' in its type, therefore the '?.' operator can be replaced with the '.' operator. Find more at https://v21.angular.dev/extended-diagnostics/NG8107[0m [1m[35m[plugin angular-compiler][0m

    src/app/widget/widget.component.ts:85:46:
[37m      85 │                     [class.is-off]="!chatRef?.[32mautoSpeak[37m"
         ╵                                               [32m~~~~~~~~~[0m


[33m▲ [43;33m[[43;30mWARNING[43;33m][0m [1mNG8107: NG8107: The left side of this optional chain operation does not include 'null' or 'undefined' in its type, therefore the '?.' operator can be replaced with the '.' operator. Find more at https://v21.angular.dev/extended-diagnostics/NG8107[0m [1m[35m[plugin angular-compiler][0m

    src/app/widget/widget.component.ts:86:38:
[37m      86 │                     (click)="chatRef?.[32mtoggleAutoSpeak[37m()"
         ╵                                       [32m~~~~~~~~~~~~~~~[0m


[33m▲ [43;33m[[43;30mWARNING[43;33m][0m [1mNG8107: NG8107: The left side of this optional chain operation does not include 'null' or 'undefined' in its type, therefore the '?.' operator can be replaced with the '.' operator. Find more at https://v21.angular.dev/extended-diagnostics/NG8107[0m [1m[35m[plugin angular-compiler][0m

    src/app/widget/widget.component.ts:87:38:
[37m      87 │ ...         [title]="chatRef?.[32mautoSpeak[37m ? 'Sprachausgabe aus' : 'S...
         ╵                               [32m~~~~~~~~~[0m


[33m▲ [43;33m[[43;30mWARNING[43;33m][0m [1mNG8107: NG8107: The left side of this optional chain operation does not include 'null' or 'undefined' in its type, therefore the '?.' operator can be replaced with the '.' operator. Find more at https://v21.angular.dev/extended-diagnostics/NG8107[0m [1m[35m[plugin angular-compiler][0m

    src/app/widget/widget.component.ts:89:43:
[37m      89 │ ...    [innerHTML]="(chatRef?.[32mautoSpeak[37m ? ICONS.volume_up : ICONS....
         ╵                               [32m~~~~~~~~~[0m


[33m▲ [43;33m[[43;30mWARNING[43;33m][0m [1mNG8107: NG8107: The left side of this optional chain operation does not include 'null' or 'undefined' in its type, therefore the '?.' operator can be replaced with the '.' operator. Find more at https://v21.angular.dev/extended-diagnostics/NG8107[0m [1m[35m[plugin angular-compiler][0m

    src/app/widget/widget.component.ts:91:36:
[37m      91 │             <button *ngIf="chatRef?.[32mdebugButtonVisible[37m"
         ╵                                     [32m~~~~~~~~~~~~~~~~~~[0m


[33m▲ [43;33m[[43;30mWARNING[43;33m][0m [1mNG8107: NG8107: The left side of this optional chain operation does not include 'null' or 'undefined' in its type, therefore the '?.' operator can be replaced with the '.' operator. Find more at https://v21.angular.dev/extended-diagnostics/NG8107[0m [1m[35m[plugin angular-compiler][0m

    src/app/widget/widget.component.ts:93:44:
[37m      93 │                     [class.is-on]="chatRef?.[32mshowDebug[37m"
         ╵                                             [32m~~~~~~~~~[0m


[33m▲ [43;33m[[43;30mWARNING[43;33m][0m [1mNG8107: NG8107: The left side of this optional chain operation does not include 'null' or 'undefined' in its type, therefore the '?.' operator can be replaced with the '.' operator. Find more at https://v21.angular.dev/extended-diagnostics/NG8107[0m [1m[35m[plugin angular-compiler][0m

    src/app/widget/widget.component.ts:94:46:
[37m      94 │                     [class.is-off]="!chatRef?.[32mshowDebug[37m"
         ╵                                               [32m~~~~~~~~~[0m


[33m▲ [43;33m[[43;30mWARNING[43;33m][0m [1mNG8107: NG8107: The left side of this optional chain operation does not include 'null' or 'undefined' in its type, therefore the '?.' operator can be replaced with the '.' operator. Find more at https://v21.angular.dev/extended-diagnostics/NG8107[0m [1m[35m[plugin angular-compiler][0m

    src/app/widget/widget.component.ts:95:38:
[37m      95 │                     (click)="chatRef?.[32mtoggleDebug[37m()"
         ╵                                       [32m~~~~~~~~~~~[0m


[33m▲ [43;33m[[43;30mWARNING[43;33m][0m [1mNG8107: NG8107: The left side of this optional chain operation does not include 'null' or 'undefined' in its type, therefore the '?.' operator can be replaced with the '.' operator. Find more at https://v21.angular.dev/extended-diagnostics/NG8107[0m [1m[35m[plugin angular-compiler][0m

    src/app/widget/widget.component.ts:96:38:
[37m      96 │ ...          [title]="chatRef?.[32mshowDebug[37m ? 'Debug aus' : 'Debug an'">
         ╵                                [32m~~~~~~~~~[0m


[33m▲ [43;33m[[43;30mWARNING[43;33m][0m [1mNG8107: NG8107: The left side of this optional chain operation does not include 'null' or 'undefined' in its type, therefore the '?.' operator can be replaced with the '.' operator. Find more at https://v21.angular.dev/extended-diagnostics/NG8107[0m [1m[35m[plugin angular-compiler][0m

    src/app/widget/widget.component.ts:103:38:
[37m      103 │                     (click)="chatRef?.[32mrestart[37m()"
          ╵                                       [32m~~~~~~~[0m

[39m[22m
[1m[33m[33m▲ [43;33m[[43;30mWARNING[43;33m][0m [1mNG8107: NG8107: The left side of this optional chain operation does not include 'null' or 'undefined' in its type, therefore the '?.' operator can be replaced with the '.' operator. Find more at https://v21.angular.dev/extended-diagnostics/NG8107[0m [1m[35m[plugin angular-compiler][0m

    src/app/canvas/canvas.component.html:37:63:
[37m      37 │ ...an class="count" *ngIf="cards?.[32mlength[37m">({{ cards.length }})</span>
         ╵                                   [32m~~~~~~[0m

  Warning occurs in the template of component CanvasComponent.

    src/app/canvas/canvas.component.ts:37:15:
[37m      37 │   templateUrl: [32m'./canvas.component.html'[37m,
         ╵                [32m~~~~~~~~~~~~~~~~~~~~~~~~~[0m


[33m▲ [43;33m[[43;30mWARNING[43;33m][0m [1mNG8107: NG8107: The left side of this optional chain operation does not include 'null' or 'undefined' in its type, therefore the '?.' operator can be replaced with the '.' operator. Find more at https://v21.angular.dev/extended-diagnostics/NG8107[0m [1m[35m[plugin angular-compiler][0m

    src/app/canvas/canvas.component.html:200:72:
[37m      200 │ ... Tab öffnen' + (previewCard?[32m.titl[37me ? ': ' + previewCard.title...
          ╵                                [32m~~~~~[0m

  Warning occurs in the template of component CanvasComponent.

    src/app/canvas/canvas.component.ts:37:15:
[37m      37 │   templateUrl: [32m'./canvas.component.html'[37m,
         ╵                [32m~~~~~~~~~~~~~~~~~~~~~~~~~[0m


[33m▲ [43;33m[[43;30mWARNING[43;33m][0m [1mNG8107: NG8107: The left side of this optional chain operation does not include 'null' or 'undefined' in its type, therefore the '?.' operator can be replaced with the '.' operator. Find more at https://v21.angular.dev/extended-diagnostics/NG8107[0m [1m[35m[plugin angular-compiler][0m

    src/app/canvas/canvas.component.html:511:26:
[37m      511 │       <div *ngIf="!cards?.[32mlength[37m" class="canvas-empty">
          ╵                           [32m~~~~~~[0m

  Warning occurs in the template of component CanvasComponent.

    src/app/canvas/canvas.component.ts:37:15:
[37m      37 │   templateUrl: [32m'./canvas.component.html'[37m,
         ╵                [32m~~~~~~~~~~~~~~~~~~~~~~~~~[0m


[33m▲ [43;33m[[43;30mWARNING[43;33m][0m [1mNG8107: NG8107: The left side of this optional chain operation does not include 'null' or 'undefined' in its type, therefore the '?.' operator can be replaced with the '.' operator. Find more at https://v21.angular.dev/extended-diagnostics/NG8107[0m [1m[35m[plugin angular-compiler][0m

    src/app/canvas/canvas.component.html:520:25:
[37m      520 │       <div *ngIf="cards?.[32mlength[37m" class="canvas-pagination">
          ╵                          [32m~~~~~~[0m

  Warning occurs in the template of component CanvasComponent.

    src/app/canvas/canvas.component.ts:37:15:
[37m      37 │   templateUrl: [32m'./canvas.component.html'[37m,
         ╵                [32m~~~~~~~~~~~~~~~~~~~~~~~~~[0m


[33m▲ [43;33m[[43;30mWARNING[43;33m][0m [1mNG8107: NG8107: The left side of this optional chain operation does not include 'null' or 'undefined' in its type, therefore the '?.' operator can be replaced with the '.' operator. Find more at https://v21.angular.dev/extended-diagnostics/NG8107[0m [1m[35m[plugin angular-compiler][0m

    src/app/chat/chat.component.html:148:58:
[37m      148 │           <div class="result-groups" *ngIf="tp.swimlanes?.[32mlength[37m">
          ╵                                                           [32m~~~~~~[0m

  Warning occurs in the template of component ChatComponent.

    src/app/chat/chat.component.ts:126:15:
[37m      126 │   templateUrl: [32m'./chat.component.html'[37m,
          ╵                [32m~~~~~~~~~~~~~~~~~~~~~~~[0m


[33m▲ [43;33m[[43;30mWARNING[43;33m][0m [1mNG8113: CanvasComponent is not used within the template of WidgetComponent[0m [1m[35m[plugin angular-compiler][0m

    src/app/widget/widget.component.ts:48:41:
[37m      48 │ ...orts: [CommonModule, ChatComponent, [32mCanvasComponent[37m, SafeSvgPipe],
         ╵                                        [32m~~~~~~~~~~~~~~~[0m


[33m▲ [43;33m[[43;30mWARNING[43;33m][0m [1mNG8107: NG8107: The left side of this optional chain operation does not include 'null' or 'undefined' in its type, therefore the '?.' operator can be replaced with the '.' operator. Find more at https://v21.angular.dev/extended-diagnostics/NG8107[0m [1m[35m[plugin angular-compiler][0m

    src/app/widget/widget.component.ts:64:47:
[37m      64 │                  [class.is-thinking]="chatRef?.[32misLoading[37m"
         ╵                                                [32m~~~~~~~~~[0m


[33m▲ [43;33m[[43;30mWARNING[43;33m][0m [1mNG8107: NG8107: The left side of this optional chain operation does not include 'null' or 'undefined' in its type, therefore the '?.' operator can be replaced with the '.' operator. Find more at https://v21.angular.dev/extended-diagnostics/NG8107[0m [1m[35m[plugin angular-compiler][0m

    src/app/widget/widget.component.ts:65:47:
[37m      65 │ ...   [class.is-speaking]="chatRef?.[32mautoSpeak[37m && chatRef?.isSpeaking"
         ╵                                     [32m~~~~~~~~~[0m


[33m▲ [43;33m[[43;30mWARNING[43;33m][0m [1mNG8107: NG8107: The left side of this optional chain operation does not include 'null' or 'undefined' in its type, therefore the '?.' operator can be replaced with the '.' operator. Find more at https://v21.angular.dev/extended-diagnostics/NG8107[0m [1m[35m[plugin angular-compiler][0m

    src/app/widget/widget.component.ts:65:69:
[37m      65 │ ...   [class.is-speaking]="chatRef?.autoSpeak && chatRef?.[32misSpeaking[37m"
         ╵                                                           [32m~~~~~~~~~~[0m


[33m▲ [43;33m[[43;30mWARNING[43;33m][0m [1mNG8107: NG8107: The left side of this optional chain operation does not include 'null' or 'undefined' in its type, therefore the '?.' operator can be replaced with the '.' operator. Find more at https://v21.angular.dev/extended-diagnostics/NG8107[0m [1m[35m[plugin angular-compiler][0m

    src/app/widget/widget.component.ts:69:58:
[37m      69 │ ...s="boerdi-status" *ngIf="chatRef?.[32misLoading[37m">denkt nach …</span>
         ╵                                      [32m~~~~~~~~~[0m


[33m▲ [43;33m[[43;30mWARNING[43;33m][0m [1mNG8107: NG8107: The left side of this optional chain operation does not include 'null' or 'undefined' in its type, therefore the '?.' operator can be replaced with the '.' operator. Find more at https://v21.angular.dev/extended-diagnostics/NG8107[0m [1m[35m[plugin angular-compiler][0m

    src/app/widget/widget.component.ts:70:59:
[37m      70 │ ...i-status" *ngIf="!chatRef?.[32misLoading[37m && chatRef?.autoSpeak && c...
         ╵                               [32m~~~~~~~~~[0m


[33m▲ [43;33m[[43;30mWARNING[43;33m][0m [1mNG8107: NG8107: The left side of this optional chain operation does not include 'null' or 'undefined' in its type, therefore the '?.' operator can be replaced with the '.' operator. Find more at https://v21.angular.dev/extended-diagnostics/NG8107[0m [1m[35m[plugin angular-compiler][0m

    src/app/widget/widget.component.ts:70:81:
[37m      70 │ ...Ref?.isLoading && chatRef?.[32mautoSpeak[37m && chatRef?.isSpeaking">sp...
         ╵                               [32m~~~~~~~~~[0m


[33m▲ [43;33m[[43;30mWARNING[43;33m][0m [1mNG8107: NG8107: The left side of this optional chain operation does not include 'null' or 'undefined' in its type, therefore the '?.' operator can be replaced with the '.' operator. Find more at https://v21.angular.dev/extended-diagnostics/NG8107[0m [1m[35m[plugin angular-compiler][0m

    src/app/widget/widget.component.ts:70:103:
[37m      70 │ ...g && chatRef?.autoSpeak && chatRef?.[32misSpeaking[37m">spricht …</span>
         ╵                                        [32m~~~~~~~~~~[0m


[33m▲ [43;33m[[43;30mWARNING[43;33m][0m [1mNG8107: NG8107: The left side of this optional chain operation does not include 'null' or 'undefined' in its type, therefore the '?.' operator can be replaced with the '.' operator. Find more at https://v21.angular.dev/extended-diagnostics/NG8107[0m [1m[35m[plugin angular-compiler][0m

    src/app/widget/widget.component.ts:82:36:
[37m      82 │             <button *ngIf="chatRef?.[32mlanguageButtonsVisible[37m"
         ╵                                     [32m~~~~~~~~~~~~~~~~~~~~~~[0m


[33m▲ [43;33m[[43;30mWARNING[43;33m][0m [1mNG8107: NG8107: The left side of this optional chain operation does not include 'null' or 'undefined' in its type, therefore the '?.' operator can be replaced with the '.' operator. Find more at https://v21.angular.dev/extended-diagnostics/NG8107[0m [1m[35m[plugin angular-compiler][0m

    src/app/widget/widget.component.ts:84:44:
[37m      84 │                     [class.is-on]="chatRef?.[32mautoSpeak[37m"
         ╵                                             [32m~~~~~~~~~[0m


[33m▲ [43;33m[[43;30mWARNING[43;33m][0m [1mNG8107: NG8107: The left side of this optional chain operation does not include 'null' or 'undefined' in its type, therefore the '?.' operator can be replaced with the '.' operator. Find more at https://v21.angular.dev/extended-diagnostics/NG8107[0m [1m[35m[plugin angular-compiler][0m

    src/app/widget/widget.component.ts:85:46:
[37m      85 │                     [class.is-off]="!chatRef?.[32mautoSpeak[37m"
         ╵                                               [32m~~~~~~~~~[0m


[33m▲ [43;33m[[43;30mWARNING[43;33m][0m [1mNG8107: NG8107: The left side of this optional chain operation does not include 'null' or 'undefined' in its type, therefore the '?.' operator can be replaced with the '.' operator. Find more at https://v21.angular.dev/extended-diagnostics/NG8107[0m [1m[35m[plugin angular-compiler][0m

    src/app/widget/widget.component.ts:86:38:
[37m      86 │                     (click)="chatRef?.[32mtoggleAutoSpeak[37m()"
         ╵                                       [32m~~~~~~~~~~~~~~~[0m


[33m▲ [43;33m[[43;30mWARNING[43;33m][0m [1mNG8107: NG8107: The left side of this optional chain operation does not include 'null' or 'undefined' in its type, therefore the '?.' operator can be replaced with the '.' operator. Find more at https://v21.angular.dev/extended-diagnostics/NG8107[0m [1m[35m[plugin angular-compiler][0m

    src/app/widget/widget.component.ts:87:38:
[37m      87 │ ...         [title]="chatRef?.[32mautoSpeak[37m ? 'Sprachausgabe aus' : 'S...
         ╵                               [32m~~~~~~~~~[0m


[33m▲ [43;33m[[43;30mWARNING[43;33m][0m [1mNG8107: NG8107: The left side of this optional chain operation does not include 'null' or 'undefined' in its type, therefore the '?.' operator can be replaced with the '.' operator. Find more at https://v21.angular.dev/extended-diagnostics/NG8107[0m [1m[35m[plugin angular-compiler][0m

    src/app/widget/widget.component.ts:89:43:
[37m      89 │ ...    [innerHTML]="(chatRef?.[32mautoSpeak[37m ? ICONS.volume_up : ICONS....
         ╵                               [32m~~~~~~~~~[0m


[33m▲ [43;33m[[43;30mWARNING[43;33m][0m [1mNG8107: NG8107: The left side of this optional chain operation does not include 'null' or 'undefined' in its type, therefore the '?.' operator can be replaced with the '.' operator. Find more at https://v21.angular.dev/extended-diagnostics/NG8107[0m [1m[35m[plugin angular-compiler][0m

    src/app/widget/widget.component.ts:91:36:
[37m      91 │             <button *ngIf="chatRef?.[32mdebugButtonVisible[37m"
         ╵                                     [32m~~~~~~~~~~~~~~~~~~[0m


[33m▲ [43;33m[[43;30mWARNING[43;33m][0m [1mNG8107: NG8107: The left side of this optional chain operation does not include 'null' or 'undefined' in its type, therefore the '?.' operator can be replaced with the '.' operator. Find more at https://v21.angular.dev/extended-diagnostics/NG8107[0m [1m[35m[plugin angular-compiler][0m

    src/app/widget/widget.component.ts:93:44:
[37m      93 │                     [class.is-on]="chatRef?.[32mshowDebug[37m"
         ╵                                             [32m~~~~~~~~~[0m


[33m▲ [43;33m[[43;30mWARNING[43;33m][0m [1mNG8107: NG8107: The left side of this optional chain operation does not include 'null' or 'undefined' in its type, therefore the '?.' operator can be replaced with the '.' operator. Find more at https://v21.angular.dev/extended-diagnostics/NG8107[0m [1m[35m[plugin angular-compiler][0m

    src/app/widget/widget.component.ts:94:46:
[37m      94 │                     [class.is-off]="!chatRef?.[32mshowDebug[37m"
         ╵                                               [32m~~~~~~~~~[0m


[33m▲ [43;33m[[43;30mWARNING[43;33m][0m [1mNG8107: NG8107: The left side of this optional chain operation does not include 'null' or 'undefined' in its type, therefore the '?.' operator can be replaced with the '.' operator. Find more at https://v21.angular.dev/extended-diagnostics/NG8107[0m [1m[35m[plugin angular-compiler][0m

    src/app/widget/widget.component.ts:95:38:
[37m      95 │                     (click)="chatRef?.[32mtoggleDebug[37m()"
         ╵                                       [32m~~~~~~~~~~~[0m


[33m▲ [43;33m[[43;30mWARNING[43;33m][0m [1mNG8107: NG8107: The left side of this optional chain operation does not include 'null' or 'undefined' in its type, therefore the '?.' operator can be replaced with the '.' operator. Find more at https://v21.angular.dev/extended-diagnostics/NG8107[0m [1m[35m[plugin angular-compiler][0m

    src/app/widget/widget.component.ts:96:38:
[37m      96 │ ...          [title]="chatRef?.[32mshowDebug[37m ? 'Debug aus' : 'Debug an'">
         ╵                                [32m~~~~~~~~~[0m


[33m▲ [43;33m[[43;30mWARNING[43;33m][0m [1mNG8107: NG8107: The left side of this optional chain operation does not include 'null' or 'undefined' in its type, therefore the '?.' operator can be replaced with the '.' operator. Find more at https://v21.angular.dev/extended-diagnostics/NG8107[0m [1m[35m[plugin angular-compiler][0m

    src/app/widget/widget.component.ts:103:38:
[37m      103 │                     (click)="chatRef?.[32mrestart[37m()"
          ╵                                       [32m~~~~~~~[0m

[39m[22m
[1m[33m[33m▲ [43;33m[[43;30mWARNING[43;33m][0m [1mNG8107: NG8107: The left side of this optional chain operation does not include 'null' or 'undefined' in its type, therefore the '?.' operator can be replaced with the '.' operator. Find more at https://v21.angular.dev/extended-diagnostics/NG8107[0m [1m[35m[plugin angular-compiler][0m

    src/app/canvas/canvas.component.html:37:63:
[37m      37 │ ...an class="count" *ngIf="cards?.[32mlength[37m">({{ cards.length }})</span>
         ╵                                   [32m~~~~~~[0m

  Warning occurs in the template of component CanvasComponent.

    src/app/canvas/canvas.component.ts:37:15:
[37m      37 │   templateUrl: [32m'./canvas.component.html'[37m,
         ╵                [32m~~~~~~~~~~~~~~~~~~~~~~~~~[0m


[33m▲ [43;33m[[43;30mWARNING[43;33m][0m [1mNG8107: NG8107: The left side of this optional chain operation does not include 'null' or 'undefined' in its type, therefore the '?.' operator can be replaced with the '.' operator. Find more at https://v21.angular.dev/extended-diagnostics/NG8107[0m [1m[35m[plugin angular-compiler][0m

    src/app/canvas/canvas.component.html:200:72:
[37m      200 │ ... Tab öffnen' + (previewCard?[32m.titl[37me ? ': ' + previewCard.title...
          ╵                                [32m~~~~~[0m

  Warning occurs in the template of component CanvasComponent.

    src/app/canvas/canvas.component.ts:37:15:
[37m      37 │   templateUrl: [32m'./canvas.component.html'[37m,
         ╵                [32m~~~~~~~~~~~~~~~~~~~~~~~~~[0m


[33m▲ [43;33m[[43;30mWARNING[43;33m][0m [1mNG8107: NG8107: The left side of this optional chain operation does not include 'null' or 'undefined' in its type, therefore the '?.' operator can be replaced with the '.' operator. Find more at https://v21.angular.dev/extended-diagnostics/NG8107[0m [1m[35m[plugin angular-compiler][0m

    src/app/canvas/canvas.component.html:511:26:
[37m      511 │       <div *ngIf="!cards?.[32mlength[37m" class="canvas-empty">
          ╵                           [32m~~~~~~[0m

  Warning occurs in the template of component CanvasComponent.

    src/app/canvas/canvas.component.ts:37:15:
[37m      37 │   templateUrl: [32m'./canvas.component.html'[37m,
         ╵                [32m~~~~~~~~~~~~~~~~~~~~~~~~~[0m


[33m▲ [43;33m[[43;30mWARNING[43;33m][0m [1mNG8107: NG8107: The left side of this optional chain operation does not include 'null' or 'undefined' in its type, therefore the '?.' operator can be replaced with the '.' operator. Find more at https://v21.angular.dev/extended-diagnostics/NG8107[0m [1m[35m[plugin angular-compiler][0m

    src/app/canvas/canvas.component.html:520:25:
[37m      520 │       <div *ngIf="cards?.[32mlength[37m" class="canvas-pagination">
          ╵                          [32m~~~~~~[0m

  Warning occurs in the template of component CanvasComponent.

    src/app/canvas/canvas.component.ts:37:15:
[37m      37 │   templateUrl: [32m'./canvas.component.html'[37m,
         ╵                [32m~~~~~~~~~~~~~~~~~~~~~~~~~[0m


[33m▲ [43;33m[[43;30mWARNING[43;33m][0m [1mNG8107: NG8107: The left side of this optional chain operation does not include 'null' or 'undefined' in its type, therefore the '?.' operator can be replaced with the '.' operator. Find more at https://v21.angular.dev/extended-diagnostics/NG8107[0m [1m[35m[plugin angular-compiler][0m

    src/app/chat/chat.component.html:148:58:
[37m      148 │           <div class="result-groups" *ngIf="tp.swimlanes?.[32mlength[37m">
          ╵                                                           [32m~~~~~~[0m

  Warning occurs in the template of component ChatComponent.

    src/app/chat/chat.component.ts:126:15:
[37m      126 │   templateUrl: [32m'./chat.component.html'[37m,
          ╵                [32m~~~~~~~~~~~~~~~~~~~~~~~[0m


[33m▲ [43;33m[[43;30mWARNING[43;33m][0m [1mNG8113: CanvasComponent is not used within the template of WidgetComponent[0m [1m[35m[plugin angular-compiler][0m

    src/app/widget/widget.component.ts:48:41:
[37m      48 │ ...orts: [CommonModule, ChatComponent, [32mCanvasComponent[37m, SafeSvgPipe],
         ╵                                        [32m~~~~~~~~~~~~~~~[0m


[33m▲ [43;33m[[43;30mWARNING[43;33m][0m [1mNG8107: NG8107: The left side of this optional chain operation does not include 'null' or 'undefined' in its type, therefore the '?.' operator can be replaced with the '.' operator. Find more at https://v21.angular.dev/extended-diagnostics/NG8107[0m [1m[35m[plugin angular-compiler][0m

    src/app/widget/widget.component.ts:64:47:
[37m      64 │                  [class.is-thinking]="chatRef?.[32misLoading[37m"
         ╵                                                [32m~~~~~~~~~[0m


[33m▲ [43;33m[[43;30mWARNING[43;33m][0m [1mNG8107: NG8107: The left side of this optional chain operation does not include 'null' or 'undefined' in its type, therefore the '?.' operator can be replaced with the '.' operator. Find more at https://v21.angular.dev/extended-diagnostics/NG8107[0m [1m[35m[plugin angular-compiler][0m

    src/app/widget/widget.component.ts:65:47:
[37m      65 │ ...   [class.is-speaking]="chatRef?.[32mautoSpeak[37m && chatRef?.isSpeaking"
         ╵                                     [32m~~~~~~~~~[0m


[33m▲ [43;33m[[43;30mWARNING[43;33m][0m [1mNG8107: NG8107: The left side of this optional chain operation does not include 'null' or 'undefined' in its type, therefore the '?.' operator can be replaced with the '.' operator. Find more at https://v21.angular.dev/extended-diagnostics/NG8107[0m [1m[35m[plugin angular-compiler][0m

    src/app/widget/widget.component.ts:65:69:
[37m      65 │ ...   [class.is-speaking]="chatRef?.autoSpeak && chatRef?.[32misSpeaking[37m"
         ╵                                                           [32m~~~~~~~~~~[0m


[33m▲ [43;33m[[43;30mWARNING[43;33m][0m [1mNG8107: NG8107: The left side of this optional chain operation does not include 'null' or 'undefined' in its type, therefore the '?.' operator can be replaced with the '.' operator. Find more at https://v21.angular.dev/extended-diagnostics/NG8107[0m [1m[35m[plugin angular-compiler][0m

    src/app/widget/widget.component.ts:69:58:
[37m      69 │ ...s="boerdi-status" *ngIf="chatRef?.[32misLoading[37m">denkt nach …</span>
         ╵                                      [32m~~~~~~~~~[0m


[33m▲ [43;33m[[43;30mWARNING[43;33m][0m [1mNG8107: NG8107: The left side of this optional chain operation does not include 'null' or 'undefined' in its type, therefore the '?.' operator can be replaced with the '.' operator. Find more at https://v21.angular.dev/extended-diagnostics/NG8107[0m [1m[35m[plugin angular-compiler][0m

    src/app/widget/widget.component.ts:70:59:
[37m      70 │ ...i-status" *ngIf="!chatRef?.[32misLoading[37m && chatRef?.autoSpeak && c...
         ╵                               [32m~~~~~~~~~[0m


[33m▲ [43;33m[[43;30mWARNING[43;33m][0m [1mNG8107: NG8107: The left side of this optional chain operation does not include 'null' or 'undefined' in its type, therefore the '?.' operator can be replaced with the '.' operator. Find more at https://v21.angular.dev/extended-diagnostics/NG8107[0m [1m[35m[plugin angular-compiler][0m

    src/app/widget/widget.component.ts:70:81:
[37m      70 │ ...Ref?.isLoading && chatRef?.[32mautoSpeak[37m && chatRef?.isSpeaking">sp...
         ╵                               [32m~~~~~~~~~[0m


[33m▲ [43;33m[[43;30mWARNING[43;33m][0m [1mNG8107: NG8107: The left side of this optional chain operation does not include 'null' or 'undefined' in its type, therefore the '?.' operator can be replaced with the '.' operator. Find more at https://v21.angular.dev/extended-diagnostics/NG8107[0m [1m[35m[plugin angular-compiler][0m

    src/app/widget/widget.component.ts:70:103:
[37m      70 │ ...g && chatRef?.autoSpeak && chatRef?.[32misSpeaking[37m">spricht …</span>
         ╵                                        [32m~~~~~~~~~~[0m


[33m▲ [43;33m[[43;30mWARNING[43;33m][0m [1mNG8107: NG8107: The left side of this optional chain operation does not include 'null' or 'undefined' in its type, therefore the '?.' operator can be replaced with the '.' operator. Find more at https://v21.angular.dev/extended-diagnostics/NG8107[0m [1m[35m[plugin angular-compiler][0m

    src/app/widget/widget.component.ts:82:36:
[37m      82 │             <button *ngIf="chatRef?.[32mlanguageButtonsVisible[37m"
         ╵                                     [32m~~~~~~~~~~~~~~~~~~~~~~[0m


[33m▲ [43;33m[[43;30mWARNING[43;33m][0m [1mNG8107: NG8107: The left side of this optional chain operation does not include 'null' or 'undefined' in its type, therefore the '?.' operator can be replaced with the '.' operator. Find more at https://v21.angular.dev/extended-diagnostics/NG8107[0m [1m[35m[plugin angular-compiler][0m

    src/app/widget/widget.component.ts:84:44:
[37m      84 │                     [class.is-on]="chatRef?.[32mautoSpeak[37m"
         ╵                                             [32m~~~~~~~~~[0m


[33m▲ [43;33m[[43;30mWARNING[43;33m][0m [1mNG8107: NG8107: The left side of this optional chain operation does not include 'null' or 'undefined' in its type, therefore the '?.' operator can be replaced with the '.' operator. Find more at https://v21.angular.dev/extended-diagnostics/NG8107[0m [1m[35m[plugin angular-compiler][0m

    src/app/widget/widget.component.ts:85:46:
[37m      85 │                     [class.is-off]="!chatRef?.[32mautoSpeak[37m"
         ╵                                               [32m~~~~~~~~~[0m


[33m▲ [43;33m[[43;30mWARNING[43;33m][0m [1mNG8107: NG8107: The left side of this optional chain operation does not include 'null' or 'undefined' in its type, therefore the '?.' operator can be replaced with the '.' operator. Find more at https://v21.angular.dev/extended-diagnostics/NG8107[0m [1m[35m[plugin angular-compiler][0m

    src/app/widget/widget.component.ts:86:38:
[37m      86 │                     (click)="chatRef?.[32mtoggleAutoSpeak[37m()"
         ╵                                       [32m~~~~~~~~~~~~~~~[0m


[33m▲ [43;33m[[43;30mWARNING[43;33m][0m [1mNG8107: NG8107: The left side of this optional chain operation does not include 'null' or 'undefined' in its type, therefore the '?.' operator can be replaced with the '.' operator. Find more at https://v21.angular.dev/extended-diagnostics/NG8107[0m [1m[35m[plugin angular-compiler][0m

    src/app/widget/widget.component.ts:87:38:
[37m      87 │ ...         [title]="chatRef?.[32mautoSpeak[37m ? 'Sprachausgabe aus' : 'S...
         ╵                               [32m~~~~~~~~~[0m


[33m▲ [43;33m[[43;30mWARNING[43;33m][0m [1mNG8107: NG8107: The left side of this optional chain operation does not include 'null' or 'undefined' in its type, therefore the '?.' operator can be replaced with the '.' operator. Find more at https://v21.angular.dev/extended-diagnostics/NG8107[0m [1m[35m[plugin angular-compiler][0m

    src/app/widget/widget.component.ts:89:43:
[37m      89 │ ...    [innerHTML]="(chatRef?.[32mautoSpeak[37m ? ICONS.volume_up : ICONS....
         ╵                               [32m~~~~~~~~~[0m


[33m▲ [43;33m[[43;30mWARNING[43;33m][0m [1mNG8107: NG8107: The left side of this optional chain operation does not include 'null' or 'undefined' in its type, therefore the '?.' operator can be replaced with the '.' operator. Find more at https://v21.angular.dev/extended-diagnostics/NG8107[0m [1m[35m[plugin angular-compiler][0m

    src/app/widget/widget.component.ts:91:36:
[37m      91 │             <button *ngIf="chatRef?.[32mdebugButtonVisible[37m"
         ╵                                     [32m~~~~~~~~~~~~~~~~~~[0m


[33m▲ [43;33m[[43;30mWARNING[43;33m][0m [1mNG8107: NG8107: The left side of this optional chain operation does not include 'null' or 'undefined' in its type, therefore the '?.' operator can be replaced with the '.' operator. Find more at https://v21.angular.dev/extended-diagnostics/NG8107[0m [1m[35m[plugin angular-compiler][0m

    src/app/widget/widget.component.ts:93:44:
[37m      93 │                     [class.is-on]="chatRef?.[32mshowDebug[37m"
         ╵                                             [32m~~~~~~~~~[0m


[33m▲ [43;33m[[43;30mWARNING[43;33m][0m [1mNG8107: NG8107: The left side of this optional chain operation does not include 'null' or 'undefined' in its type, therefore the '?.' operator can be replaced with the '.' operator. Find more at https://v21.angular.dev/extended-diagnostics/NG8107[0m [1m[35m[plugin angular-compiler][0m

    src/app/widget/widget.component.ts:94:46:
[37m      94 │                     [class.is-off]="!chatRef?.[32mshowDebug[37m"
         ╵                                               [32m~~~~~~~~~[0m


[33m▲ [43;33m[[43;30mWARNING[43;33m][0m [1mNG8107: NG8107: The left side of this optional chain operation does not include 'null' or 'undefined' in its type, therefore the '?.' operator can be replaced with the '.' operator. Find more at https://v21.angular.dev/extended-diagnostics/NG8107[0m [1m[35m[plugin angular-compiler][0m

    src/app/widget/widget.component.ts:95:38:
[37m      95 │                     (click)="chatRef?.[32mtoggleDebug[37m()"
         ╵                                       [32m~~~~~~~~~~~[0m


[33m▲ [43;33m[[43;30mWARNING[43;33m][0m [1mNG8107: NG8107: The left side of this optional chain operation does not include 'null' or 'undefined' in its type, therefore the '?.' operator can be replaced with the '.' operator. Find more at https://v21.angular.dev/extended-diagnostics/NG8107[0m [1m[35m[plugin angular-compiler][0m

    src/app/widget/widget.component.ts:96:38:
[37m      96 │ ...          [title]="chatRef?.[32mshowDebug[37m ? 'Debug aus' : 'Debug an'">
         ╵                                [32m~~~~~~~~~[0m


[33m▲ [43;33m[[43;30mWARNING[43;33m][0m [1mNG8107: NG8107: The left side of this optional chain operation does not include 'null' or 'undefined' in its type, therefore the '?.' operator can be replaced with the '.' operator. Find more at https://v21.angular.dev/extended-diagnostics/NG8107[0m [1m[35m[plugin angular-compiler][0m

    src/app/widget/widget.component.ts:103:38:
[37m      103 │                     (click)="chatRef?.[32mrestart[37m()"
          ╵                                       [32m~~~~~~~[0m

[39m[22m
[1m[33m[33m▲ [43;33m[[43;30mWARNING[43;33m][0m [1mNG8107: NG8107: The left side of this optional chain operation does not include 'null' or 'undefined' in its type, therefore the '?.' operator can be replaced with the '.' operator. Find more at https://v21.angular.dev/extended-diagnostics/NG8107[0m [1m[35m[plugin angular-compiler][0m

    src/app/canvas/canvas.component.html:37:63:
[37m      37 │ ...an class="count" *ngIf="cards?.[32mlength[37m">({{ cards.length }})</span>
         ╵                                   [32m~~~~~~[0m

  Warning occurs in the template of component CanvasComponent.

    src/app/canvas/canvas.component.ts:37:15:
[37m      37 │   templateUrl: [32m'./canvas.component.html'[37m,
         ╵                [32m~~~~~~~~~~~~~~~~~~~~~~~~~[0m


[33m▲ [43;33m[[43;30mWARNING[43;33m][0m [1mNG8107: NG8107: The left side of this optional chain operation does not include 'null' or 'undefined' in its type, therefore the '?.' operator can be replaced with the '.' operator. Find more at https://v21.angular.dev/extended-diagnostics/NG8107[0m [1m[35m[plugin angular-compiler][0m

    src/app/canvas/canvas.component.html:200:72:
[37m      200 │ ... Tab öffnen' + (previewCard?[32m.titl[37me ? ': ' + previewCard.title...
          ╵                                [32m~~~~~[0m

  Warning occurs in the template of component CanvasComponent.

    src/app/canvas/canvas.component.ts:37:15:
[37m      37 │   templateUrl: [32m'./canvas.component.html'[37m,
         ╵                [32m~~~~~~~~~~~~~~~~~~~~~~~~~[0m


[33m▲ [43;33m[[43;30mWARNING[43;33m][0m [1mNG8107: NG8107: The left side of this optional chain operation does not include 'null' or 'undefined' in its type, therefore the '?.' operator can be replaced with the '.' operator. Find more at https://v21.angular.dev/extended-diagnostics/NG8107[0m [1m[35m[plugin angular-compiler][0m

    src/app/canvas/canvas.component.html:511:26:
[37m      511 │       <div *ngIf="!cards?.[32mlength[37m" class="canvas-empty">
          ╵                           [32m~~~~~~[0m

  Warning occurs in the template of component CanvasComponent.

    src/app/canvas/canvas.component.ts:37:15:
[37m      37 │   templateUrl: [32m'./canvas.component.html'[37m,
         ╵                [32m~~~~~~~~~~~~~~~~~~~~~~~~~[0m


[33m▲ [43;33m[[43;30mWARNING[43;33m][0m [1mNG8107: NG8107: The left side of this optional chain operation does not include 'null' or 'undefined' in its type, therefore the '?.' operator can be replaced with the '.' operator. Find more at https://v21.angular.dev/extended-diagnostics/NG8107[0m [1m[35m[plugin angular-compiler][0m

    src/app/canvas/canvas.component.html:520:25:
[37m      520 │       <div *ngIf="cards?.[32mlength[37m" class="canvas-pagination">
          ╵                          [32m~~~~~~[0m

  Warning occurs in the template of component CanvasComponent.

    src/app/canvas/canvas.component.ts:37:15:
[37m      37 │   templateUrl: [32m'./canvas.component.html'[37m,
         ╵                [32m~~~~~~~~~~~~~~~~~~~~~~~~~[0m


[33m▲ [43;33m[[43;30mWARNING[43;33m][0m [1mNG8107: NG8107: The left side of this optional chain operation does not include 'null' or 'undefined' in its type, therefore the '?.' operator can be replaced with the '.' operator. Find more at https://v21.angular.dev/extended-diagnostics/NG8107[0m [1m[35m[plugin angular-compiler][0m

    src/app/chat/chat.component.html:148:58:
[37m      148 │           <div class="result-groups" *ngIf="tp.swimlanes?.[32mlength[37m">
          ╵                                                           [32m~~~~~~[0m

  Warning occurs in the template of component ChatComponent.

    src/app/chat/chat.component.ts:126:15:
[37m      126 │   templateUrl: [32m'./chat.component.html'[37m,
          ╵                [32m~~~~~~~~~~~~~~~~~~~~~~~[0m


[33m▲ [43;33m[[43;30mWARNING[43;33m][0m [1mNG8113: CanvasComponent is not used within the template of WidgetComponent[0m [1m[35m[plugin angular-compiler][0m

    src/app/widget/widget.component.ts:48:41:
[37m      48 │ ...orts: [CommonModule, ChatComponent, [32mCanvasComponent[37m, SafeSvgPipe],
         ╵                                        [32m~~~~~~~~~~~~~~~[0m


[33m▲ [43;33m[[43;30mWARNING[43;33m][0m [1mNG8107: NG8107: The left side of this optional chain operation does not include 'null' or 'undefined' in its type, therefore the '?.' operator can be replaced with the '.' operator. Find more at https://v21.angular.dev/extended-diagnostics/NG8107[0m [1m[35m[plugin angular-compiler][0m

    src/app/widget/widget.component.ts:64:47:
[37m      64 │                  [class.is-thinking]="chatRef?.[32misLoading[37m"
         ╵                                                [32m~~~~~~~~~[0m


[33m▲ [43;33m[[43;30mWARNING[43;33m][0m [1mNG8107: NG8107: The left side of this optional chain operation does not include 'null' or 'undefined' in its type, therefore the '?.' operator can be replaced with the '.' operator. Find more at https://v21.angular.dev/extended-diagnostics/NG8107[0m [1m[35m[plugin angular-compiler][0m

    src/app/widget/widget.component.ts:65:47:
[37m      65 │ ...   [class.is-speaking]="chatRef?.[32mautoSpeak[37m && chatRef?.isSpeaking"
         ╵                                     [32m~~~~~~~~~[0m


[33m▲ [43;33m[[43;30mWARNING[43;33m][0m [1mNG8107: NG8107: The left side of this optional chain operation does not include 'null' or 'undefined' in its type, therefore the '?.' operator can be replaced with the '.' operator. Find more at https://v21.angular.dev/extended-diagnostics/NG8107[0m [1m[35m[plugin angular-compiler][0m

    src/app/widget/widget.component.ts:65:69:
[37m      65 │ ...   [class.is-speaking]="chatRef?.autoSpeak && chatRef?.[32misSpeaking[37m"
         ╵                                                           [32m~~~~~~~~~~[0m


[33m▲ [43;33m[[43;30mWARNING[43;33m][0m [1mNG8107: NG8107: The left side of this optional chain operation does not include 'null' or 'undefined' in its type, therefore the '?.' operator can be replaced with the '.' operator. Find more at https://v21.angular.dev/extended-diagnostics/NG8107[0m [1m[35m[plugin angular-compiler][0m

    src/app/widget/widget.component.ts:69:58:
[37m      69 │ ...s="boerdi-status" *ngIf="chatRef?.[32misLoading[37m">denkt nach …</span>
         ╵                                      [32m~~~~~~~~~[0m


[33m▲ [43;33m[[43;30mWARNING[43;33m][0m [1mNG8107: NG8107: The left side of this optional chain operation does not include 'null' or 'undefined' in its type, therefore the '?.' operator can be replaced with the '.' operator. Find more at https://v21.angular.dev/extended-diagnostics/NG8107[0m [1m[35m[plugin angular-compiler][0m

    src/app/widget/widget.component.ts:70:59:
[37m      70 │ ...i-status" *ngIf="!chatRef?.[32misLoading[37m && chatRef?.autoSpeak && c...
         ╵                               [32m~~~~~~~~~[0m


[33m▲ [43;33m[[43;30mWARNING[43;33m][0m [1mNG8107: NG8107: The left side of this optional chain operation does not include 'null' or 'undefined' in its type, therefore the '?.' operator can be replaced with the '.' operator. Find more at https://v21.angular.dev/extended-diagnostics/NG8107[0m [1m[35m[plugin angular-compiler][0m

    src/app/widget/widget.component.ts:70:81:
[37m      70 │ ...Ref?.isLoading && chatRef?.[32mautoSpeak[37m && chatRef?.isSpeaking">sp...
         ╵                               [32m~~~~~~~~~[0m


[33m▲ [43;33m[[43;30mWARNING[43;33m][0m [1mNG8107: NG8107: The left side of this optional chain operation does not include 'null' or 'undefined' in its type, therefore the '?.' operator can be replaced with the '.' operator. Find more at https://v21.angular.dev/extended-diagnostics/NG8107[0m [1m[35m[plugin angular-compiler][0m

    src/app/widget/widget.component.ts:70:103:
[37m      70 │ ...g && chatRef?.autoSpeak && chatRef?.[32misSpeaking[37m">spricht …</span>
         ╵                                        [32m~~~~~~~~~~[0m


[33m▲ [43;33m[[43;30mWARNING[43;33m][0m [1mNG8107: NG8107: The left side of this optional chain operation does not include 'null' or 'undefined' in its type, therefore the '?.' operator can be replaced with the '.' operator. Find more at https://v21.angular.dev/extended-diagnostics/NG8107[0m [1m[35m[plugin angular-compiler][0m

    src/app/widget/widget.component.ts:82:36:
[37m      82 │             <button *ngIf="chatRef?.[32mlanguageButtonsVisible[37m"
         ╵                                     [32m~~~~~~~~~~~~~~~~~~~~~~[0m


[33m▲ [43;33m[[43;30mWARNING[43;33m][0m [1mNG8107: NG8107: The left side of this optional chain operation does not include 'null' or 'undefined' in its type, therefore the '?.' operator can be replaced with the '.' operator. Find more at https://v21.angular.dev/extended-diagnostics/NG8107[0m [1m[35m[plugin angular-compiler][0m

    src/app/widget/widget.component.ts:84:44:
[37m      84 │                     [class.is-on]="chatRef?.[32mautoSpeak[37m"
         ╵                                             [32m~~~~~~~~~[0m


[33m▲ [43;33m[[43;30mWARNING[43;33m][0m [1mNG8107: NG8107: The left side of this optional chain operation does not include 'null' or 'undefined' in its type, therefore the '?.' operator can be replaced with the '.' operator. Find more at https://v21.angular.dev/extended-diagnostics/NG8107[0m [1m[35m[plugin angular-compiler][0m

    src/app/widget/widget.component.ts:85:46:
[37m      85 │                     [class.is-off]="!chatRef?.[32mautoSpeak[37m"
         ╵                                               [32m~~~~~~~~~[0m


[33m▲ [43;33m[[43;30mWARNING[43;33m][0m [1mNG8107: NG8107: The left side of this optional chain operation does not include 'null' or 'undefined' in its type, therefore the '?.' operator can be replaced with the '.' operator. Find more at https://v21.angular.dev/extended-diagnostics/NG8107[0m [1m[35m[plugin angular-compiler][0m

    src/app/widget/widget.component.ts:86:38:
[37m      86 │                     (click)="chatRef?.[32mtoggleAutoSpeak[37m()"
         ╵                                       [32m~~~~~~~~~~~~~~~[0m


[33m▲ [43;33m[[43;30mWARNING[43;33m][0m [1mNG8107: NG8107: The left side of this optional chain operation does not include 'null' or 'undefined' in its type, therefore the '?.' operator can be replaced with the '.' operator. Find more at https://v21.angular.dev/extended-diagnostics/NG8107[0m [1m[35m[plugin angular-compiler][0m

    src/app/widget/widget.component.ts:87:38:
[37m      87 │ ...         [title]="chatRef?.[32mautoSpeak[37m ? 'Sprachausgabe aus' : 'S...
         ╵                               [32m~~~~~~~~~[0m


[33m▲ [43;33m[[43;30mWARNING[43;33m][0m [1mNG8107: NG8107: The left side of this optional chain operation does not include 'null' or 'undefined' in its type, therefore the '?.' operator can be replaced with the '.' operator. Find more at https://v21.angular.dev/extended-diagnostics/NG8107[0m [1m[35m[plugin angular-compiler][0m

    src/app/widget/widget.component.ts:89:43:
[37m      89 │ ...    [innerHTML]="(chatRef?.[32mautoSpeak[37m ? ICONS.volume_up : ICONS....
         ╵                               [32m~~~~~~~~~[0m


[33m▲ [43;33m[[43;30mWARNING[43;33m][0m [1mNG8107: NG8107: The left side of this optional chain operation does not include 'null' or 'undefined' in its type, therefore the '?.' operator can be replaced with the '.' operator. Find more at https://v21.angular.dev/extended-diagnostics/NG8107[0m [1m[35m[plugin angular-compiler][0m

    src/app/widget/widget.component.ts:91:36:
[37m      91 │             <button *ngIf="chatRef?.[32mdebugButtonVisible[37m"
         ╵                                     [32m~~~~~~~~~~~~~~~~~~[0m


[33m▲ [43;33m[[43;30mWARNING[43;33m][0m [1mNG8107: NG8107: The left side of this optional chain operation does not include 'null' or 'undefined' in its type, therefore the '?.' operator can be replaced with the '.' operator. Find more at https://v21.angular.dev/extended-diagnostics/NG8107[0m [1m[35m[plugin angular-compiler][0m

    src/app/widget/widget.component.ts:93:44:
[37m      93 │                     [class.is-on]="chatRef?.[32mshowDebug[37m"
         ╵                                             [32m~~~~~~~~~[0m


[33m▲ [43;33m[[43;30mWARNING[43;33m][0m [1mNG8107: NG8107: The left side of this optional chain operation does not include 'null' or 'undefined' in its type, therefore the '?.' operator can be replaced with the '.' operator. Find more at https://v21.angular.dev/extended-diagnostics/NG8107[0m [1m[35m[plugin angular-compiler][0m

    src/app/widget/widget.component.ts:94:46:
[37m      94 │                     [class.is-off]="!chatRef?.[32mshowDebug[37m"
         ╵                                               [32m~~~~~~~~~[0m


[33m▲ [43;33m[[43;30mWARNING[43;33m][0m [1mNG8107: NG8107: The left side of this optional chain operation does not include 'null' or 'undefined' in its type, therefore the '?.' operator can be replaced with the '.' operator. Find more at https://v21.angular.dev/extended-diagnostics/NG8107[0m [1m[35m[plugin angular-compiler][0m

    src/app/widget/widget.component.ts:95:38:
[37m      95 │                     (click)="chatRef?.[32mtoggleDebug[37m()"
         ╵                                       [32m~~~~~~~~~~~[0m


[33m▲ [43;33m[[43;30mWARNING[43;33m][0m [1mNG8107: NG8107: The left side of this optional chain operation does not include 'null' or 'undefined' in its type, therefore the '?.' operator can be replaced with the '.' operator. Find more at https://v21.angular.dev/extended-diagnostics/NG8107[0m [1m[35m[plugin angular-compiler][0m

    src/app/widget/widget.component.ts:96:38:
[37m      96 │ ...          [title]="chatRef?.[32mshowDebug[37m ? 'Debug aus' : 'Debug an'">
         ╵                                [32m~~~~~~~~~[0m


[33m▲ [43;33m[[43;30mWARNING[43;33m][0m [1mNG8107: NG8107: The left side of this optional chain operation does not include 'null' or 'undefined' in its type, therefore the '?.' operator can be replaced with the '.' operator. Find more at https://v21.angular.dev/extended-diagnostics/NG8107[0m [1m[35m[plugin angular-compiler][0m

    src/app/widget/widget.component.ts:103:38:
[37m      103 │                     (click)="chatRef?.[32mrestart[37m()"
          ╵                                       [32m~~~~~~~[0m

[39m[22m
[1m[33m[33m▲ [43;33m[[43;30mWARNING[43;33m][0m [1mNG8107: NG8107: The left side of this optional chain operation does not include 'null' or 'undefined' in its type, therefore the '?.' operator can be replaced with the '.' operator. Find more at https://v21.angular.dev/extended-diagnostics/NG8107[0m [1m[35m[plugin angular-compiler][0m

    src/app/canvas/canvas.component.html:37:63:
[37m      37 │ ...an class="count" *ngIf="cards?.[32mlength[37m">({{ cards.length }})</span>
         ╵                                   [32m~~~~~~[0m

  Warning occurs in the template of component CanvasComponent.

    src/app/canvas/canvas.component.ts:37:15:
[37m      37 │   templateUrl: [32m'./canvas.component.html'[37m,
         ╵                [32m~~~~~~~~~~~~~~~~~~~~~~~~~[0m


[33m▲ [43;33m[[43;30mWARNING[43;33m][0m [1mNG8107: NG8107: The left side of this optional chain operation does not include 'null' or 'undefined' in its type, therefore the '?.' operator can be replaced with the '.' operator. Find more at https://v21.angular.dev/extended-diagnostics/NG8107[0m [1m[35m[plugin angular-compiler][0m

    src/app/canvas/canvas.component.html:200:72:
[37m      200 │ ... Tab öffnen' + (previewCard?[32m.titl[37me ? ': ' + previewCard.title...
          ╵                                [32m~~~~~[0m

  Warning occurs in the template of component CanvasComponent.

    src/app/canvas/canvas.component.ts:37:15:
[37m      37 │   templateUrl: [32m'./canvas.component.html'[37m,
         ╵                [32m~~~~~~~~~~~~~~~~~~~~~~~~~[0m


[33m▲ [43;33m[[43;30mWARNING[43;33m][0m [1mNG8107: NG8107: The left side of this optional chain operation does not include 'null' or 'undefined' in its type, therefore the '?.' operator can be replaced with the '.' operator. Find more at https://v21.angular.dev/extended-diagnostics/NG8107[0m [1m[35m[plugin angular-compiler][0m

    src/app/canvas/canvas.component.html:511:26:
[37m      511 │       <div *ngIf="!cards?.[32mlength[37m" class="canvas-empty">
          ╵                           [32m~~~~~~[0m

  Warning occurs in the template of component CanvasComponent.

    src/app/canvas/canvas.component.ts:37:15:
[37m      37 │   templateUrl: [32m'./canvas.component.html'[37m,
         ╵                [32m~~~~~~~~~~~~~~~~~~~~~~~~~[0m


[33m▲ [43;33m[[43;30mWARNING[43;33m][0m [1mNG8107: NG8107: The left side of this optional chain operation does not include 'null' or 'undefined' in its type, therefore the '?.' operator can be replaced with the '.' operator. Find more at https://v21.angular.dev/extended-diagnostics/NG8107[0m [1m[35m[plugin angular-compiler][0m

    src/app/canvas/canvas.component.html:520:25:
[37m      520 │       <div *ngIf="cards?.[32mlength[37m" class="canvas-pagination">
          ╵                          [32m~~~~~~[0m

  Warning occurs in the template of component CanvasComponent.

    src/app/canvas/canvas.component.ts:37:15:
[37m      37 │   templateUrl: [32m'./canvas.component.html'[37m,
         ╵                [32m~~~~~~~~~~~~~~~~~~~~~~~~~[0m


[33m▲ [43;33m[[43;30mWARNING[43;33m][0m [1mNG8107: NG8107: The left side of this optional chain operation does not include 'null' or 'undefined' in its type, therefore the '?.' operator can be replaced with the '.' operator. Find more at https://v21.angular.dev/extended-diagnostics/NG8107[0m [1m[35m[plugin angular-compiler][0m

    src/app/chat/chat.component.html:148:58:
[37m      148 │           <div class="result-groups" *ngIf="tp.swimlanes?.[32mlength[37m">
          ╵                                                           [32m~~~~~~[0m

  Warning occurs in the template of component ChatComponent.

    src/app/chat/chat.component.ts:126:15:
[37m      126 │   templateUrl: [32m'./chat.component.html'[37m,
          ╵                [32m~~~~~~~~~~~~~~~~~~~~~~~[0m


[33m▲ [43;33m[[43;30mWARNING[43;33m][0m [1mNG8113: CanvasComponent is not used within the template of WidgetComponent[0m [1m[35m[plugin angular-compiler][0m

    src/app/widget/widget.component.ts:48:41:
[37m      48 │ ...orts: [CommonModule, ChatComponent, [32mCanvasComponent[37m, SafeSvgPipe],
         ╵                                        [32m~~~~~~~~~~~~~~~[0m


[33m▲ [43;33m[[43;30mWARNING[43;33m][0m [1mNG8107: NG8107: The left side of this optional chain operation does not include 'null' or 'undefined' in its type, therefore the '?.' operator can be replaced with the '.' operator. Find more at https://v21.angular.dev/extended-diagnostics/NG8107[0m [1m[35m[plugin angular-compiler][0m

    src/app/widget/widget.component.ts:64:47:
[37m      64 │                  [class.is-thinking]="chatRef?.[32misLoading[37m"
         ╵                                                [32m~~~~~~~~~[0m


[33m▲ [43;33m[[43;30mWARNING[43;33m][0m [1mNG8107: NG8107: The left side of this optional chain operation does not include 'null' or 'undefined' in its type, therefore the '?.' operator can be replaced with the '.' operator. Find more at https://v21.angular.dev/extended-diagnostics/NG8107[0m [1m[35m[plugin angular-compiler][0m

    src/app/widget/widget.component.ts:65:47:
[37m      65 │ ...   [class.is-speaking]="chatRef?.[32mautoSpeak[37m && chatRef?.isSpeaking"
         ╵                                     [32m~~~~~~~~~[0m


[33m▲ [43;33m[[43;30mWARNING[43;33m][0m [1mNG8107: NG8107: The left side of this optional chain operation does not include 'null' or 'undefined' in its type, therefore the '?.' operator can be replaced with the '.' operator. Find more at https://v21.angular.dev/extended-diagnostics/NG8107[0m [1m[35m[plugin angular-compiler][0m

    src/app/widget/widget.component.ts:65:69:
[37m      65 │ ...   [class.is-speaking]="chatRef?.autoSpeak && chatRef?.[32misSpeaking[37m"
         ╵                                                           [32m~~~~~~~~~~[0m


[33m▲ [43;33m[[43;30mWARNING[43;33m][0m [1mNG8107: NG8107: The left side of this optional chain operation does not include 'null' or 'undefined' in its type, therefore the '?.' operator can be replaced with the '.' operator. Find more at https://v21.angular.dev/extended-diagnostics/NG8107[0m [1m[35m[plugin angular-compiler][0m

    src/app/widget/widget.component.ts:69:58:
[37m      69 │ ...s="boerdi-status" *ngIf="chatRef?.[32misLoading[37m">denkt nach …</span>
         ╵                                      [32m~~~~~~~~~[0m


[33m▲ [43;33m[[43;30mWARNING[43;33m][0m [1mNG8107: NG8107: The left side of this optional chain operation does not include 'null' or 'undefined' in its type, therefore the '?.' operator can be replaced with the '.' operator. Find more at https://v21.angular.dev/extended-diagnostics/NG8107[0m [1m[35m[plugin angular-compiler][0m

    src/app/widget/widget.component.ts:70:59:
[37m      70 │ ...i-status" *ngIf="!chatRef?.[32misLoading[37m && chatRef?.autoSpeak && c...
         ╵                               [32m~~~~~~~~~[0m


[33m▲ [43;33m[[43;30mWARNING[43;33m][0m [1mNG8107: NG8107: The left side of this optional chain operation does not include 'null' or 'undefined' in its type, therefore the '?.' operator can be replaced with the '.' operator. Find more at https://v21.angular.dev/extended-diagnostics/NG8107[0m [1m[35m[plugin angular-compiler][0m

    src/app/widget/widget.component.ts:70:81:
[37m      70 │ ...Ref?.isLoading && chatRef?.[32mautoSpeak[37m && chatRef?.isSpeaking">sp...
         ╵                               [32m~~~~~~~~~[0m


[33m▲ [43;33m[[43;30mWARNING[43;33m][0m [1mNG8107: NG8107: The left side of this optional chain operation does not include 'null' or 'undefined' in its type, therefore the '?.' operator can be replaced with the '.' operator. Find more at https://v21.angular.dev/extended-diagnostics/NG8107[0m [1m[35m[plugin angular-compiler][0m

    src/app/widget/widget.component.ts:70:103:
[37m      70 │ ...g && chatRef?.autoSpeak && chatRef?.[32misSpeaking[37m">spricht …</span>
         ╵                                        [32m~~~~~~~~~~[0m


[33m▲ [43;33m[[43;30mWARNING[43;33m][0m [1mNG8107: NG8107: The left side of this optional chain operation does not include 'null' or 'undefined' in its type, therefore the '?.' operator can be replaced with the '.' operator. Find more at https://v21.angular.dev/extended-diagnostics/NG8107[0m [1m[35m[plugin angular-compiler][0m

    src/app/widget/widget.component.ts:82:36:
[37m      82 │             <button *ngIf="chatRef?.[32mlanguageButtonsVisible[37m"
         ╵                                     [32m~~~~~~~~~~~~~~~~~~~~~~[0m


[33m▲ [43;33m[[43;30mWARNING[43;33m][0m [1mNG8107: NG8107: The left side of this optional chain operation does not include 'null' or 'undefined' in its type, therefore the '?.' operator can be replaced with the '.' operator. Find more at https://v21.angular.dev/extended-diagnostics/NG8107[0m [1m[35m[plugin angular-compiler][0m

    src/app/widget/widget.component.ts:84:44:
[37m      84 │                     [class.is-on]="chatRef?.[32mautoSpeak[37m"
         ╵                                             [32m~~~~~~~~~[0m


[33m▲ [43;33m[[43;30mWARNING[43;33m][0m [1mNG8107: NG8107: The left side of this optional chain operation does not include 'null' or 'undefined' in its type, therefore the '?.' operator can be replaced with the '.' operator. Find more at https://v21.angular.dev/extended-diagnostics/NG8107[0m [1m[35m[plugin angular-compiler][0m

    src/app/widget/widget.component.ts:85:46:
[37m      85 │                     [class.is-off]="!chatRef?.[32mautoSpeak[37m"
         ╵                                               [32m~~~~~~~~~[0m


[33m▲ [43;33m[[43;30mWARNING[43;33m][0m [1mNG8107: NG8107: The left side of this optional chain operation does not include 'null' or 'undefined' in its type, therefore the '?.' operator can be replaced with the '.' operator. Find more at https://v21.angular.dev/extended-diagnostics/NG8107[0m [1m[35m[plugin angular-compiler][0m

    src/app/widget/widget.component.ts:86:38:
[37m      86 │                     (click)="chatRef?.[32mtoggleAutoSpeak[37m()"
         ╵                                       [32m~~~~~~~~~~~~~~~[0m


[33m▲ [43;33m[[43;30mWARNING[43;33m][0m [1mNG8107: NG8107: The left side of this optional chain operation does not include 'null' or 'undefined' in its type, therefore the '?.' operator can be replaced with the '.' operator. Find more at https://v21.angular.dev/extended-diagnostics/NG8107[0m [1m[35m[plugin angular-compiler][0m

    src/app/widget/widget.component.ts:87:38:
[37m      87 │ ...         [title]="chatRef?.[32mautoSpeak[37m ? 'Sprachausgabe aus' : 'S...
         ╵                               [32m~~~~~~~~~[0m


[33m▲ [43;33m[[43;30mWARNING[43;33m][0m [1mNG8107: NG8107: The left side of this optional chain operation does not include 'null' or 'undefined' in its type, therefore the '?.' operator can be replaced with the '.' operator. Find more at https://v21.angular.dev/extended-diagnostics/NG8107[0m [1m[35m[plugin angular-compiler][0m

    src/app/widget/widget.component.ts:89:43:
[37m      89 │ ...    [innerHTML]="(chatRef?.[32mautoSpeak[37m ? ICONS.volume_up : ICONS....
         ╵                               [32m~~~~~~~~~[0m


[33m▲ [43;33m[[43;30mWARNING[43;33m][0m [1mNG8107: NG8107: The left side of this optional chain operation does not include 'null' or 'undefined' in its type, therefore the '?.' operator can be replaced with the '.' operator. Find more at https://v21.angular.dev/extended-diagnostics/NG8107[0m [1m[35m[plugin angular-compiler][0m

    src/app/widget/widget.component.ts:91:36:
[37m      91 │             <button *ngIf="chatRef?.[32mdebugButtonVisible[37m"
         ╵                                     [32m~~~~~~~~~~~~~~~~~~[0m


[33m▲ [43;33m[[43;30mWARNING[43;33m][0m [1mNG8107: NG8107: The left side of this optional chain operation does not include 'null' or 'undefined' in its type, therefore the '?.' operator can be replaced with the '.' operator. Find more at https://v21.angular.dev/extended-diagnostics/NG8107[0m [1m[35m[plugin angular-compiler][0m

    src/app/widget/widget.component.ts:93:44:
[37m      93 │                     [class.is-on]="chatRef?.[32mshowDebug[37m"
         ╵                                             [32m~~~~~~~~~[0m


[33m▲ [43;33m[[43;30mWARNING[43;33m][0m [1mNG8107: NG8107: The left side of this optional chain operation does not include 'null' or 'undefined' in its type, therefore the '?.' operator can be replaced with the '.' operator. Find more at https://v21.angular.dev/extended-diagnostics/NG8107[0m [1m[35m[plugin angular-compiler][0m

    src/app/widget/widget.component.ts:94:46:
[37m      94 │                     [class.is-off]="!chatRef?.[32mshowDebug[37m"
         ╵                                               [32m~~~~~~~~~[0m


[33m▲ [43;33m[[43;30mWARNING[43;33m][0m [1mNG8107: NG8107: The left side of this optional chain operation does not include 'null' or 'undefined' in its type, therefore the '?.' operator can be replaced with the '.' operator. Find more at https://v21.angular.dev/extended-diagnostics/NG8107[0m [1m[35m[plugin angular-compiler][0m

    src/app/widget/widget.component.ts:95:38:
[37m      95 │                     (click)="chatRef?.[32mtoggleDebug[37m()"
         ╵                                       [32m~~~~~~~~~~~[0m


[33m▲ [43;33m[[43;30mWARNING[43;33m][0m [1mNG8107: NG8107: The left side of this optional chain operation does not include 'null' or 'undefined' in its type, therefore the '?.' operator can be replaced with the '.' operator. Find more at https://v21.angular.dev/extended-diagnostics/NG8107[0m [1m[35m[plugin angular-compiler][0m

    src/app/widget/widget.component.ts:96:38:
[37m      96 │ ...          [title]="chatRef?.[32mshowDebug[37m ? 'Debug aus' : 'Debug an'">
         ╵                                [32m~~~~~~~~~[0m


[33m▲ [43;33m[[43;30mWARNING[43;33m][0m [1mNG8107: NG8107: The left side of this optional chain operation does not include 'null' or 'undefined' in its type, therefore the '?.' operator can be replaced with the '.' operator. Find more at https://v21.angular.dev/extended-diagnostics/NG8107[0m [1m[35m[plugin angular-compiler][0m

    src/app/widget/widget.component.ts:103:38:
[37m      103 │                     (click)="chatRef?.[32mrestart[37m()"
          ╵                                       [32m~~~~~~~[0m

[39m[22m
